08__walking_down_street_outside_angry.mp4,REAL
09__exit_phone_room.mp4,REAL
09__kitchen_pan.mp4,REAL
08__walk_down_hall_angry.mp4,REAL
08__walking_outside_cafe_disgusted.mp4,REAL
08__kitchen_pan.mp4,REAL
08__podium_speech_happy.mp4,REAL
08__outside_talking_pan_laughing.mp4,REAL
07__outside_talking_pan_laughing.mp4,REAL
08__outside_talking_still_laughing.mp4,REAL
08__talking_against_wall.mp4,REAL
08__exit_phone_room.mp4,REAL
07__podium_speech_happy.mp4,REAL
07__walking_outside_cafe_disgusted.mp4,REAL
08__kitchen_still.mp4,REAL
06__walking_down_street_outside_angry.mp4,REAL
06__walking_outside_cafe_disgusted.mp4,REAL
07__exit_phone_room.mp4,REAL
07__walk_down_hall_angry.mp4,REAL
07__kitchen_still.mp4,REAL
07__outside_talking_still_laughing.mp4,REAL
07__talking_against_wall.mp4,REAL
07__secret_conversation.mp4,REAL
07__kitchen_pan.mp4,REAL
14__walk_down_hall_angry.mp4,REAL
07__hugging_happy.mp4,REAL
06__walk_down_hall_angry.mp4,REAL
14__talking_against_wall.mp4,REAL
06__walking_down_indoor_hall_disgust.mp4,REAL
06__kitchen_pan.mp4,REAL
14__hugging_happy.mp4,REAL
07__talking_angry_couch.mp4,REAL
06__outside_talking_pan_laughing.mp4,REAL
06__exit_phone_room.mp4,REAL
14__secret_conversation.mp4,REAL
14__kitchen_still.mp4,REAL
06__talking_against_wall.mp4,REAL
14__walking_and_outside_surprised.mp4,REAL
06__podium_speech_happy.mp4,REAL
14__outside_talking_pan_laughing.mp4,REAL
06__kitchen_still.mp4,REAL
05__talking_against_wall.mp4,REAL
13__walking_down_street_outside_angry.mp4,REAL
06__outside_talking_still_laughing.mp4,REAL
14__exit_phone_room.mp4,REAL
06__talking_angry_couch.mp4,REAL
14__talking_angry_couch.mp4,REAL
05__walking_outside_cafe_disgusted.mp4,REAL
13__walking_outside_cafe_disgusted.mp4,REAL
05__kitchen_still.mp4,REAL
13__talking_against_wall.mp4,REAL
05__podium_speech_happy.mp4,REAL
13__walk_down_hall_angry.mp4,REAL
13__exit_phone_room.mp4,REAL
12__walking_down_street_outside_angry.mp4,REAL
14__podium_speech_happy.mp4,REAL
14__outside_talking_still_laughing.mp4,REAL
06__walking_and_outside_surprised.mp4,REAL
13__walking_down_indoor_hall_disgust.mp4,REAL
12__walking_outside_cafe_disgusted.mp4,REAL
14__kitchen_pan.mp4,REAL
13__kitchen_still.mp4,REAL
04__kitchen_pan.mp4,REAL
05__kitchen_pan.mp4,REAL
05__exit_phone_room.mp4,REAL
06__hugging_happy.mp4,REAL
13__kitchen_pan.mp4,REAL
05__outside_talking_pan_laughing.mp4,REAL
04__walking_down_street_outside_angry.mp4,REAL
04__walk_down_hall_angry.mp4,REAL
13__secret_conversation.mp4,REAL
04__walking_outside_cafe_disgusted.mp4,REAL
05__hugging_happy.mp4,REAL
12__outside_talking_pan_laughing.mp4,REAL
04__secret_conversation.mp4,REAL
13__podium_speech_happy.mp4,REAL
13__outside_talking_pan_laughing.mp4,REAL
12__walk_down_hall_angry.mp4,REAL
04__talking_against_wall.mp4,REAL
13__outside_talking_still_laughing.mp4,REAL
12__outside_talking_still_laughing.mp4,REAL
12__podium_speech_happy.mp4,REAL
13__talking_angry_couch.mp4,REAL
03__talking_against_wall.mp4,REAL
03__secret_conversation.mp4,REAL
03__outside_talking_pan_laughing.mp4,REAL
12__secret_conversation.mp4,REAL
04__exit_phone_room.mp4,REAL
04__podium_speech_happy.mp4,REAL
09__talking_angry_couch.mp4,REAL
01__walk_down_hall_angry.mp4,REAL
10__talking_against_wall.mp4,REAL
09__outside_talking_still_laughing.mp4,REAL
09__outside_talking_pan_laughing.mp4,REAL
03__outside_talking_still_laughing.mp4,REAL
12__exit_phone_room.mp4,REAL
12__hugging_happy.mp4,REAL
03__talking_angry_couch.mp4,REAL
03__kitchen_still.mp4,REAL
03__hugging_happy.mp4,REAL
11__talking_angry_couch.mp4,REAL
02__walking_down_indoor_hall_disgust.mp4,REAL
02__talking_against_wall.mp4,REAL
11__podium_speech_happy.mp4,REAL
11__outside_talking_still_laughing.mp4,REAL
11__outside_talking_pan_laughing.mp4,REAL
11__kitchen_pan.mp4,REAL
10__talking_angry_couch.mp4,REAL
10__outside_talking_pan_laughing.mp4,REAL
13__hugging_happy.mp4,REAL
04__outside_talking_pan_laughing.mp4,REAL
12__walking_down_indoor_hall_disgust.mp4,REAL
02__outside_talking_still_laughing.mp4,REAL
12__walking_and_outside_surprised.mp4,REAL
12__talking_angry_couch.mp4,REAL
03__kitchen_pan.mp4,REAL
04__talking_angry_couch.mp4,REAL
11__walking_outside_cafe_disgusted.mp4,REAL
10__walking_down_street_outside_angry.mp4,REAL
01__outside_talking_pan_laughing.mp4,REAL
12__kitchen_pan.mp4,REAL
12__kitchen_still.mp4,REAL
03__walking_down_indoor_hall_disgust.mp4,REAL
03__walking_and_outside_surprised.mp4,REAL
10__kitchen_still.mp4,REAL
03__walking_down_street_outside_angry.mp4,REAL
02__kitchen_still.mp4,REAL
02__talking_angry_couch.mp4,REAL
09__walking_down_street_outside_angry.mp4,REAL
04__outside_talking_still_laughing.mp4,REAL
03__walk_down_hall_angry.mp4,REAL
03__walking_outside_cafe_disgusted.mp4,REAL
12__talking_against_wall.mp4,REAL
03__meeting_serious.mp4,REAL
04__kitchen_still.mp4,REAL
03__exit_phone_room.mp4,REAL
11__talking_against_wall.mp4,REAL
02__walking_down_street_outside_angry.mp4,REAL
02__secret_conversation.mp4,REAL
02__exit_phone_room.mp4,REAL
10__kitchen_pan.mp4,REAL
02__walk_down_hall_angry.mp4,REAL
11__walk_down_hall_angry.mp4,REAL
09__walk_down_hall_angry.mp4,REAL
02__walking_outside_cafe_disgusted.mp4,REAL
10__podium_speech_happy.mp4,REAL
03__podium_speech_happy.mp4,REAL
02__meeting_serious.mp4,REAL
02__podium_speech_happy.mp4,REAL
11__exit_phone_room.mp4,REAL
11__kitchen_still.mp4,REAL
11__secret_conversation.mp4,REAL
10__walking_outside_cafe_disgusted.mp4,REAL
11__walking_down_street_outside_angry.mp4,REAL
01__walking_outside_cafe_disgusted.mp4,REAL
09__talking_against_wall.mp4,REAL
10__exit_phone_room.mp4,REAL
01__exit_phone_room.mp4,REAL
10__outside_talking_still_laughing.mp4,REAL
02__kitchen_pan.mp4,REAL
01__kitchen_pan.mp4,REAL
01__talking_against_wall.mp4,REAL
01__walking_down_street_outside_angry.mp4,REAL
09__podium_speech_happy.mp4,REAL
01__kitchen_still.mp4,REAL
02__hugging_happy.mp4,REAL
02__walking_and_outside_surprised.mp4,REAL
01__outside_talking_still_laughing.mp4,REAL
02__outside_talking_pan_laughing.mp4,REAL
01__podium_speech_happy.mp4,REAL
01__meeting_serious.mp4,REAL
01__walking_down_indoor_hall_disgust.mp4,REAL
01__secret_conversation.mp4,REAL
01__hugging_happy.mp4,REAL
01__walking_and_outside_surprised.mp4,REAL
15__walking_down_indoor_hall_disgust.mp4,REAL
15__outside_talking_still_laughing.mp4,REAL
15__exit_phone_room.mp4,REAL
16__kitchen_pan.mp4,REAL
15__podium_speech_happy.mp4,REAL
15__walking_and_outside_surprised.mp4,REAL
15__walk_down_hall_angry.mp4,REAL
15__outside_talking_pan_laughing.mp4,REAL
17__walking_down_indoor_hall_disgust.mp4,REAL
17__talking_angry_couch.mp4,REAL
19__talking_angry_couch.mp4,REAL
14__walking_down_street_outside_angry.mp4,REAL
15__talking_angry_couch.mp4,REAL
16__walk_down_hall_angry.mp4,REAL
15__talking_against_wall.mp4,REAL
15__walking_down_street_outside_angry.mp4,REAL
16__hugging_happy.mp4,REAL
15__hugging_happy.mp4,REAL
14__walking_outside_cafe_disgusted.mp4,REAL
16__walking_down_indoor_hall_disgust.mp4,REAL
16__kitchen_still.mp4,REAL
16__walking_down_street_outside_angry.mp4,REAL
17__hugging_happy.mp4,REAL
15__kitchen_pan.mp4,REAL
16__exit_phone_room.mp4,REAL
15__kitchen_still.mp4,REAL
16__outside_talking_pan_laughing.mp4,REAL
18__walking_down_street_outside_angry.mp4,REAL
16__talking_against_wall.mp4,REAL
20__hugging_happy.mp4,REAL
19__outside_talking_still_laughing.mp4,REAL
16__podium_speech_happy.mp4,REAL
17__talking_against_wall.mp4,REAL
17__kitchen_pan.mp4,REAL
17__outside_talking_still_laughing.mp4,REAL
18__kitchen_pan.mp4,REAL
15__walking_outside_cafe_disgusted.mp4,REAL
19__walk_down_hall_angry.mp4,REAL
16__walking_outside_cafe_disgusted.mp4,REAL
19__walking_down_street_outside_angry.mp4,REAL
17__kitchen_still.mp4,REAL
17__outside_talking_pan_laughing.mp4,REAL
18__kitchen_still.mp4,REAL
18__exit_phone_room.mp4,REAL
17__walk_down_hall_angry.mp4,REAL
19__kitchen_still.mp4,REAL
19__walking_outside_cafe_disgusted.mp4,REAL
17__podium_speech_happy.mp4,REAL
21__walking_and_outside_surprised.mp4,REAL
18__talking_against_wall.mp4,REAL
19__talking_against_wall.mp4,REAL
18__podium_speech_happy.mp4,REAL
19__secret_conversation.mp4,REAL
19__kitchen_pan.mp4,REAL
19__podium_speech_happy.mp4,REAL
21__hugging_happy.mp4,REAL
20__walking_outside_cafe_disgusted.mp4,REAL
21__talking_angry_couch.mp4,REAL
17__exit_phone_room.mp4,REAL
21__exit_phone_room.mp4,REAL
20__walking_down_street_outside_angry.mp4,REAL
22__podium_speech_happy.mp4,REAL
23__walking_down_indoor_hall_disgust.mp4,REAL
20__outside_talking_still_laughing.mp4,REAL
20__talking_against_wall.mp4,REAL
18__outside_talking_pan_laughing.mp4,REAL
20__secret_conversation.mp4,REAL
21__podium_speech_happy.mp4,REAL
20__walking_and_outside_surprised.mp4,REAL
22__walking_down_street_outside_angry.mp4,REAL
20__kitchen_still.mp4,REAL
20__outside_talking_pan_laughing.mp4,REAL
20__walk_down_hall_angry.mp4,REAL
19__exit_phone_room.mp4,REAL
19__outside_talking_pan_laughing.mp4,REAL
20__exit_phone_room.mp4,REAL
21__walk_down_hall_angry.mp4,REAL
20__talking_angry_couch.mp4,REAL
23__hugging_happy.mp4,REAL
18__secret_conversation.mp4,REAL
20__kitchen_pan.mp4,REAL
18__walking_outside_cafe_disgusted.mp4,REAL
22__walking_down_indoor_hall_disgust.mp4,REAL
24__kitchen_still.mp4,REAL
23__outside_talking_pan_laughing.mp4,REAL
21__walking_outside_cafe_disgusted.mp4,REAL
21__outside_talking_still_laughing.mp4,REAL
23__outside_talking_still_laughing.mp4,REAL
21__kitchen_still.mp4,REAL
22__walk_down_hall_angry.mp4,REAL
26__talking_angry_couch.mp4,REAL
22__outside_talking_still_laughing.mp4,REAL
22__kitchen_pan.mp4,REAL
22__kitchen_still.mp4,REAL
23__walking_and_outside_surprised.mp4,REAL
22__secret_conversation.mp4,REAL
20__walking_down_indoor_hall_disgust.mp4,REAL
21__talking_against_wall.mp4,REAL
22__talking_against_wall.mp4,REAL
23__podium_speech_happy.mp4,REAL
23__talking_angry_couch.mp4,REAL
21__kitchen_pan.mp4,REAL
24__outside_talking_pan_laughing.mp4,REAL
23__exit_phone_room.mp4,REAL
22__walking_and_outside_surprised.mp4,REAL
23__walk_down_hall_angry.mp4,REAL
22__exit_phone_room.mp4,REAL
21__outside_talking_pan_laughing.mp4,REAL
20__podium_speech_happy.mp4,REAL
21__walking_down_street_outside_angry.mp4,REAL
25__outside_talking_pan_laughing.mp4,REAL
24__kitchen_pan.mp4,REAL
23__kitchen_pan.mp4,REAL
25__walking_down_street_outside_angry.mp4,REAL
22__outside_talking_pan_laughing.mp4,REAL
23__kitchen_still.mp4,REAL
24__walking_outside_cafe_disgusted.mp4,REAL
25__talking_against_wall.mp4,REAL
25__walk_down_hall_angry.mp4,REAL
24__podium_speech_happy.mp4,REAL
22__walking_outside_cafe_disgusted.mp4,REAL
27__walking_and_outside_surprised.mp4,REAL
24__talking_against_wall.mp4,REAL
23__walking_down_street_outside_angry.mp4,REAL
23__walking_outside_cafe_disgusted.mp4,REAL
23__secret_conversation.mp4,REAL
24__walk_down_hall_angry.mp4,REAL
28__walk_down_hall_angry.mp4,REAL
24__talking_angry_couch.mp4,REAL
24__outside_talking_still_laughing.mp4,REAL
26__talking_against_wall.mp4,REAL
26__podium_speech_happy.mp4,REAL
26__outside_talking_pan_laughing.mp4,REAL
25__walking_outside_cafe_disgusted.mp4,REAL
28__walking_down_street_outside_angry.mp4,REAL
24__secret_conversation.mp4,REAL
26__exit_phone_room.mp4,REAL
26__outside_talking_still_laughing.mp4,REAL
27__walk_down_hall_angry.mp4,REAL
27__walking_down_street_outside_angry.mp4,REAL
27__walking_down_indoor_hall_disgust.mp4,REAL
27__outside_talking_still_laughing.mp4,REAL
25__outside_talking_still_laughing.mp4,REAL
26__kitchen_pan.mp4,REAL
27__outside_talking_pan_laughing.mp4,REAL
23__talking_against_wall.mp4,REAL
27__exit_phone_room.mp4,REAL
27__walking_outside_cafe_disgusted.mp4,REAL
21__walking_down_indoor_hall_disgust.mp4,REAL
28__outside_talking_pan_laughing.mp4,REAL
24__exit_phone_room.mp4,REAL
28__podium_speech_happy.mp4,REAL
26__walking_outside_cafe_disgusted.mp4,REAL
14__walking_down_indoor_hall_disgust.mp4,REAL
28__kitchen_pan.mp4,REAL
27__kitchen_pan.mp4,REAL
27__kitchen_still.mp4,REAL
28__secret_conversation.mp4,REAL
27__meeting_serious.mp4,REAL
26__walk_down_hall_angry.mp4,REAL
26__secret_conversation.mp4,REAL
28__walking_outside_cafe_disgusted.mp4,REAL
25__podium_speech_happy.mp4,REAL
28__talking_angry_couch.mp4,REAL
27__podium_speech_happy.mp4,REAL
25__secret_conversation.mp4,REAL
18__outside_talking_still_laughing.mp4,REAL
26__kitchen_still.mp4,REAL
28__exit_phone_room.mp4,REAL
25__exit_phone_room.mp4,REAL
28__kitchen_still.mp4,REAL
27__hugging_happy.mp4,REAL
27__talking_angry_couch.mp4,REAL
27__talking_against_wall.mp4,REAL
28__outside_talking_still_laughing.mp4,REAL
05__outside_talking_still_laughing.mp4,REAL
16__walking_and_outside_surprised.mp4,REAL
17__walking_and_outside_surprised.mp4,REAL
13__walking_and_outside_surprised.mp4,REAL
01__talking_angry_couch.mp4,REAL
03_07__outside_talking_still_laughing__IFSURI9X.mp4,FAKE
01_03__kitchen_pan__JZUXXFRB.mp4,FAKE
03_02__meeting_serious__ZESUJMM7.mp4,FAKE
02_15__walk_down_hall_angry__HTG660F8.mp4,FAKE
06_02__exit_phone_room__SU4OQCS9.mp4,FAKE
03_04__outside_talking_pan_laughing__T04P6ELC.mp4,FAKE
06_02__kitchen_pan__O9WOC1KJ.mp4,FAKE
07_02__kitchen_pan__34PVT42V.mp4,FAKE
05_16__walk_down_hall_angry__4MEM6YNQ.mp4,FAKE
06_12__walking_down_street_outside_angry__3K21NFNM.mp4,FAKE
07_02__hugging_happy__O4SXNLRL.mp4,FAKE
06_18__walking_outside_cafe_disgusted__DEA1TCLN.mp4,FAKE
06_12__walking_and_outside_surprised__3K21NFNM.mp4,FAKE
05_16__walking_outside_cafe_disgusted__053HPS1G.mp4,FAKE
06_12__walking_down_indoor_hall_disgust__3K21NFNM.mp4,FAKE
03_01__hugging_happy__ISF9SP4G.mp4,FAKE
07_03__podium_speech_happy__6PHZRQ4H.mp4,FAKE
07_03__secret_conversation__IFSURI9X.mp4,FAKE
15_01__outside_talking_pan_laughing__02HILKYO.mp4,FAKE
07_03__talking_against_wall__9NVYPOMN.mp4,FAKE
05_16__walking_down_street_outside_angry__94435UY3.mp4,FAKE
07_03__talking_angry_couch__WPT3Z2KN.mp4,FAKE
15_01__outside_talking_still_laughing__02HILKYO.mp4,FAKE
06_12__talking_against_wall__0VR4Y891.mp4,FAKE
14_03__walking_outside_cafe_disgusted__PLCQJM81.mp4,FAKE
05_16__talking_against_wall__U9WZI5LK.mp4,FAKE
07_02__outside_talking_still_laughing__1ZE4HC06.mp4,FAKE
15_01__kitchen_still__02HILKYO.mp4,FAKE
06_14__talking_angry_couch__8U9ULZDT.mp4,FAKE
07_02__kitchen_still__1ZE4HC06.mp4,FAKE
14_03__talking_against_wall__38OVCK3X.mp4,FAKE
03_07__talking_against_wall__9NVYPOMN.mp4,FAKE
15_01__kitchen_pan__02HILKYO.mp4,FAKE
07_02__outside_talking_pan_laughing__0IYV5DQ5.mp4,FAKE
15_01__exit_phone_room__02HILKYO.mp4,FAKE
07_02__exit_phone_room__9NVRE2KQ.mp4,FAKE
14_02__exit_phone_room__3IUBEKCT.mp4,FAKE
05_16__podium_speech_happy__053HPS1G.mp4,FAKE
07_09__walk_down_hall_angry__N9CWME71.mp4,FAKE
14_03__walk_down_hall_angry__7JPPCV50.mp4,FAKE
06_14__outside_talking_still_laughing__8U9ULZDT.mp4,FAKE
14_02__secret_conversation__3IUBEKCT.mp4,FAKE
05_08__outside_talking_pan_laughing__FBICSP2C.mp4,FAKE
06_14__kitchen_still__8U9ULZDT.mp4,FAKE
12_15__walking_and_outside_surprised__N0SRODQD.mp4,FAKE
06_14__outside_talking_pan_laughing__8U9ULZDT.mp4,FAKE
14_01__kitchen_pan__0S0NS5C6.mp4,FAKE
06_12__walk_down_hall_angry__3K21NFNM.mp4,FAKE
14_01__kitchen_still__01YF7VQM.mp4,FAKE
05_08__hugging_happy__FBICSP2C.mp4,FAKE
06_14__podium_speech_happy__8U9ULZDT.mp4,FAKE
13_02__podium_speech_happy__2YSYT2N3.mp4,FAKE
08_16__kitchen_pan__8Q7JCS95.mp4,FAKE
13_02__outside_talking_still_laughing__2YSYT2N3.mp4,FAKE
07_12__walking_outside_cafe_disgusted__KAG65PEE.mp4,FAKE
04_13__talking_angry_couch__00T3UYOR.mp4,FAKE
07_26__walk_down_hall_angry__FGNGC2GT.mp4,FAKE
13_03__talking_against_wall__GBYWJW06.mp4,FAKE
12_15__talking_angry_couch__N0SRODQD.mp4,FAKE
08_28__walking_outside_cafe_disgusted__GQN9WHLD.mp4,FAKE
13_02__walking_outside_cafe_disgusted__CP5HFV3K.mp4,FAKE
04_02__outside_talking_pan_laughing__8CH7R4LW.mp4,FAKE
07_12__walking_down_street_outside_angry__0VN0A2T3.mp4,FAKE
13_02__walking_down_street_outside_angry__0RKOCC6A.mp4,FAKE
08_05__kitchen_still__LVIZ2X8P.mp4,FAKE
12_14__walk_down_hall_angry__Z7EWFA0P.mp4,FAKE
13_09__walk_down_hall_angry__6K90KFOQ.mp4,FAKE
03_01__kitchen_still__JZUXXFRB.mp4,FAKE
07_26__podium_speech_happy__FGNGC2GT.mp4,FAKE
07_26__outside_talking_pan_laughing__FGNGC2GT.mp4,FAKE
13_02__outside_talking_pan_laughing__0RKOCC6A.mp4,FAKE
12_06__outside_talking_still_laughing__3K21NFNM.mp4,FAKE
07_26__outside_talking_still_laughing__FGNGC2GT.mp4,FAKE
03_07__walking_down_indoor_hall_disgust__CDSNLDQ8.mp4,FAKE
13_02__kitchen_still__2YSYT2N3.mp4,FAKE
07_26__walking_down_street_outside_angry__FGNGC2GT.mp4,FAKE
08_05__exit_phone_room__BGI70HJ5.mp4,FAKE
13_02__exit_phone_room__CP5HFV3K.mp4,FAKE
09_02__exit_phone_room__6KUOFMZW.mp4,FAKE
13_02__kitchen_pan__2YSYT2N3.mp4,FAKE
04_15__walking_outside_cafe_disgusted__46TJ9IOJ.mp4,FAKE
03_01__exit_phone_room__480LQD1C.mp4,FAKE
07_26__talking_against_wall__FGNGC2GT.mp4,FAKE
12_15__walking_down_street_outside_angry__N0SRODQD.mp4,FAKE
12_18__walking_outside_cafe_disgusted__IKH1LBBY.mp4,FAKE
09_01__outside_talking_still_laughing__SJZRV69J.mp4,FAKE
09_01__outside_talking_pan_laughing__SJZRV69J.mp4,FAKE
12_02__outside_talking_pan_laughing__9D2ZHEKW.mp4,FAKE
12_06__talking_against_wall__0VR4Y891.mp4,FAKE
09_14__talking_angry_couch__6TEK3ZX0.mp4,FAKE
12_06__podium_speech_happy__0VR4Y891.mp4,FAKE
09_13__walk_down_hall_angry__6K90KFOQ.mp4,FAKE
03_07__walking_and_outside_surprised__IFSURI9X.mp4,FAKE
09_13__walking_down_street_outside_angry__3GQ49P2J.mp4,FAKE
14_02__podium_speech_happy__3IUBEKCT.mp4,FAKE
09_02__kitchen_pan__6KUOFMZW.mp4,FAKE
14_02__outside_talking_pan_laughing__3IUBEKCT.mp4,FAKE
03_07__talking_angry_couch__7NGMD8FT.mp4,FAKE
09_02__podium_speech_happy__9TDCEK1Q.mp4,FAKE
14_01__outside_talking_still_laughing__01YF7VQM.mp4,FAKE
10_22__kitchen_pan__X803B18R.mp4,FAKE
13_03__talking_angry_couch__GBYWJW06.mp4,FAKE
09_11__talking_against_wall__INNOT5UE.mp4,FAKE
04_15__walking_down_street_outside_angry__46TJ9IOJ.mp4,FAKE
17_16__outside_talking_pan_laughing__EWJJTZHY.mp4,FAKE
10_19__exit_phone_room__BVVPN5D5.mp4,FAKE
17_08__kitchen_still__ZCEYWYTC.mp4,FAKE
10_22__outside_talking_pan_laughing__1TXK09OY.mp4,FAKE
17_08__hugging_happy__05AN86QA.mp4,FAKE
05_08__kitchen_still__LVIZ2X8P.mp4,FAKE
10_22__kitchen_still__1TXK09OY.mp4,FAKE
17_08__exit_phone_room__CFIY1YEQ.mp4,FAKE
10_19__outside_talking_still_laughing__O2IKR6YM.mp4,FAKE
17_05__kitchen_pan__M3H96PDQ.mp4,FAKE
01_03__outside_talking_pan_laughing__ISF9SP4G.mp4,FAKE
10_22__walk_down_hall_angry__C1U7OY5M.mp4,FAKE
13_02__walking_down_indoor_hall_disgust__AROBAY8R.mp4,FAKE
11_01__kitchen_pan__18HYCC8C.mp4,FAKE
11_03__outside_talking_pan_laughing__P08VGHTA.mp4,FAKE
16_08__talking_against_wall__8Q7JCS95.mp4,FAKE
16_08__kitchen_pan__8Q7JCS95.mp4,FAKE
04_15__walk_down_hall_angry__7NW4Z6WZ.mp4,FAKE
10_22__walking_down_street_outside_angry__1TXK09OY.mp4,FAKE
16_05__walk_down_hall_angry__O56DDU3S.mp4,FAKE
11_01__exit_phone_room__4OJNJLOO.mp4,FAKE
16_05__walking_down_street_outside_angry__94435UY3.mp4,FAKE
01_02__exit_phone_room__YVGY8LOK.mp4,FAKE
10_23__talking_against_wall__W02WYPCX.mp4,FAKE
16_05__walking_outside_cafe_disgusted__94435UY3.mp4,FAKE
11_03__outside_talking_still_laughing__P08VGHTA.mp4,FAKE
13_02__hugging_happy__PLNVLO74.mp4,FAKE
10_22__walking_outside_cafe_disgusted__C1U7OY5M.mp4,FAKE
16_05__kitchen_still__053HPS1G.mp4,FAKE
01_03__kitchen_still__JZUXXFRB.mp4,FAKE
11_03__kitchen_still__P08VGHTA.mp4,FAKE
15_18__walk_down_hall_angry__V5VHLCOW.mp4,FAKE
16_05__exit_phone_room__4MEM6YNQ.mp4,FAKE
10_19__podium_speech_happy__FFXB67PI.mp4,FAKE
01_04__walking_down_street_outside_angry__0XUW13RW.mp4,FAKE
15_02__talking_against_wall__HTG660F8.mp4,FAKE
10_22__talking_angry_couch__FY7YI0AJ.mp4,FAKE
15_14__walking_outside_cafe_disgusted__RNHLLKSQ.mp4,FAKE
11_03__podium_speech_happy__P08VGHTA.mp4,FAKE
15_18__walking_down_street_outside_angry__V5VHLCOW.mp4,FAKE
04_11__outside_talking_still_laughing__8FD8U22M.mp4,FAKE
11_01__walking_down_street_outside_angry__9OM3VE0Y.mp4,FAKE
15_01__podium_speech_happy__02HILKYO.mp4,FAKE
11_03__walk_down_hall_angry__P08VGHTA.mp4,FAKE
12_15__walking_down_indoor_hall_disgust__N0SRODQD.mp4,FAKE
12_02__hugging_happy__9D2ZHEKW.mp4,FAKE
01_02__talking_against_wall__YVGY8LOK.mp4,FAKE
15_12__talking_angry_couch__N0SRODQD.mp4,FAKE
12_03__exit_phone_room__D7G6YJON.mp4,FAKE
15_01__hugging_happy__02HILKYO.mp4,FAKE
12_04__kitchen_still__96TQKDFJ.mp4,FAKE
14_03__walking_down_street_outside_angry__L0GHYIFS.mp4,FAKE
02_13__talking_angry_couch__AROBAY8R.mp4,FAKE
12_01__kitchen_pan__TNI7KUZ6.mp4,FAKE
14_03__walking_down_indoor_hall_disgust__KJ221YN0.mp4,FAKE
11_04__talking_angry_couch__JRQWOV1G.mp4,FAKE
14_03__walking_and_outside_surprised__38OVCK3X.mp4,FAKE
11_03__walking_outside_cafe_disgusted__P08VGHTA.mp4,FAKE
06_14__hugging_happy__8U9ULZDT.mp4,FAKE
14_03__talking_angry_couch__L0GHYIFS.mp4,FAKE
11_03__talking_against_wall__P08VGHTA.mp4,FAKE
16_17__walking_down_indoor_hall_disgust__S7UMSIQV.mp4,FAKE
01_02__outside_talking_still_laughing__YVGY8LOK.mp4,FAKE
16_05__podium_speech_happy__053HPS1G.mp4,FAKE
16_05__outside_talking_pan_laughing__053HPS1G.mp4,FAKE
16_05__hugging_happy__053HPS1G.mp4,FAKE
01_02__meeting_serious__YVGY8LOK.mp4,FAKE
15_18__walking_down_indoor_hall_disgust__V5VHLCOW.mp4,FAKE
15_18__walking_and_outside_surprised__V5VHLCOW.mp4,FAKE
01_02__hugging_happy__YVGY8LOK.mp4,FAKE
01_02__walk_down_hall_angry__YVGY8LOK.mp4,FAKE
01_02__secret_conversation__YVGY8LOK.mp4,FAKE
01_02__walking_and_outside_surprised__YVGY8LOK.mp4,FAKE
01_04__walking_outside_cafe_disgusted__0XUW13RW.mp4,FAKE
01_02__walking_down_indoor_hall_disgust__YVGY8LOK.mp4,FAKE
01_03__podium_speech_happy__480LQD1C.mp4,FAKE
02_01__hugging_happy__YVGY8LOK.mp4,FAKE
02_06__kitchen_pan__0M6JNS5D.mp4,FAKE
02_01__exit_phone_room__YVGY8LOK.mp4,FAKE
02_06__kitchen_still__HZAXM70B.mp4,FAKE
02_06__meeting_serious__0M6JNS5D.mp4,FAKE
02_06__outside_talking_pan_laughing__N8OSN8P6.mp4,FAKE
02_04__outside_talking_still_laughing__8CH7R4LW.mp4,FAKE
02_06__podium_speech_happy__N8OSN8P6.mp4,FAKE
02_15__talking_against_wall__HTG660F8.mp4,FAKE
02_09__secret_conversation__6KUOFMZW.mp4,FAKE
02_15__walking_and_outside_surprised__HTG660F8.mp4,FAKE
02_15__walking_outside_cafe_disgusted__HTG660F8.mp4,FAKE
02_15__walking_down_indoor_hall_disgust__HTG660F8.mp4,FAKE
02_15__walking_down_street_outside_angry__I8G2LWD1.mp4,FAKE
03_07__podium_speech_happy__6PHZRQ4H.mp4,FAKE
03_01__kitchen_pan__JZUXXFRB.mp4,FAKE
03_07__walk_down_hall_angry__6PHZRQ4H.mp4,FAKE
03_07__secret_conversation__9NVYPOMN.mp4,FAKE
04_01__exit_phone_room__0XUW13RW.mp4,FAKE
03_07__walking_down_street_outside_angry__W3MXGEU9.mp4,FAKE
04_01__kitchen_still__6I623VU9.mp4,FAKE
03_07__walking_outside_cafe_disgusted__6PHZRQ4H.mp4,FAKE
04_01__kitchen_pan__GBC7ZGDP.mp4,FAKE
04_13__talking_against_wall__00T3UYOR.mp4,FAKE
05_08__exit_phone_room__YN1Q9TER.mp4,FAKE
05_08__kitchen_pan__BGI70HJ5.mp4,FAKE
04_13__podium_speech_happy__00T3UYOR.mp4,FAKE
04_13__secret_conversation__00T3UYOR.mp4,FAKE
18_03__walking_down_street_outside_angry__22UBC0BS.mp4,FAKE
20_03__secret_conversation__61SVZ2J7.mp4,FAKE
18_06__podium_speech_happy__DEA1TCLN.mp4,FAKE
19_10__exit_phone_room__BVVPN5D5.mp4,FAKE
19_24__walk_down_hall_angry__59PN7WZ2.mp4,FAKE
18_03__walk_down_hall_angry__N72YE748.mp4,FAKE
18_02__kitchen_still__B95S4G6F.mp4,FAKE
19_24__secret_conversation__59PN7WZ2.mp4,FAKE
18_06__outside_talking_still_laughing__DEA1TCLN.mp4,FAKE
18_03__outside_talking_pan_laughing__22UBC0BS.mp4,FAKE
20_03__talking_against_wall__9NFWR304.mp4,FAKE
19_24__walking_outside_cafe_disgusted__RKQTC50P.mp4,FAKE
22_19__walking_down_indoor_hall_disgust__VK6BF5NV.mp4,FAKE
20_01__kitchen_still__FW94AIMJ.mp4,FAKE
19_24__talking_against_wall__0ZFOV5ZE.mp4,FAKE
17_08__walking_down_indoor_hall_disgust__JZYRLJ8T.mp4,FAKE
18_04__talking_against_wall__6J3ZFEJQ.mp4,FAKE
17_08__talking_angry_couch__05AN86QA.mp4,FAKE
19_24__podium_speech_happy__LVZNRK9S.mp4,FAKE
17_08__outside_talking_still_laughing__PBVFRHF5.mp4,FAKE
18_03__walking_outside_cafe_disgusted__22UBC0BS.mp4,FAKE
20_11__walking_down_street_outside_angry__B2H95QXV.mp4,FAKE
20_01__hugging_happy__6UBMLXK3.mp4,FAKE
20_03__walk_down_hall_angry__61SVZ2J7.mp4,FAKE
20_01__outside_talking_still_laughing__6UBMLXK3.mp4,FAKE
17_08__podium_speech_happy__ISS1V0B1.mp4,FAKE
18_02__exit_phone_room__B95S4G6F.mp4,FAKE
19_10__kitchen_still__IDX76N5R.mp4,FAKE
19_24__outside_talking_still_laughing__59PN7WZ2.mp4,FAKE
17_05__talking_against_wall__YTJYYDO9.mp4,FAKE
19_23__kitchen_pan__H4SUVFTL.mp4,FAKE
21_09__talking_against_wall__JEELOMN2.mp4,FAKE
18_06__secret_conversation__DEA1TCLN.mp4,FAKE
21_25__walking_and_outside_surprised__NFBISHIN.mp4,FAKE
20_13__exit_phone_room__C50CSOEX.mp4,FAKE
21_09__talking_angry_couch__CGIID3GV.mp4,FAKE
22_23__outside_talking_still_laughing__10R2HRAU.mp4,FAKE
20_01__walking_and_outside_surprised__OTGHOG4Z.mp4,FAKE
21_03__kitchen_pan__YCSEBZO4.mp4,FAKE
22_10__kitchen_pan__EHARPYBT.mp4,FAKE
22_10__talking_against_wall__X803B18R.mp4,FAKE
20_03__talking_angry_couch__61SVZ2J7.mp4,FAKE
21_09__podium_speech_happy__J7SQKGUR.mp4,FAKE
22_24__walking_down_street_outside_angry__7E3GY85F.mp4,FAKE
20_01__kitchen_pan__6UBMLXK3.mp4,FAKE
20_01__outside_talking_pan_laughing__6UBMLXK3.mp4,FAKE
22_10__walk_down_hall_angry__FY7YI0AJ.mp4,FAKE
21_03__hugging_happy__TEV3HIHZ.mp4,FAKE
22_10__podium_speech_happy__FY7YI0AJ.mp4,FAKE
20_18__walking_outside_cafe_disgusted__8BMQOD7S.mp4,FAKE
20_09__walking_down_indoor_hall_disgust__0IRM5ADD.mp4,FAKE
19_23__outside_talking_pan_laughing__H4SUVFTL.mp4,FAKE
21_03__outside_talking_still_laughing__V53E3RVB.mp4,FAKE
22_10__kitchen_still__1TXK09OY.mp4,FAKE
21_03__kitchen_still__V53E3RVB.mp4,FAKE
22_23__walking_outside_cafe_disgusted__J8JK3NBV.mp4,FAKE
21_12__walking_and_outside_surprised__J54W3PV1.mp4,FAKE
22_10__exit_phone_room__8YQ2EUQP.mp4,FAKE
21_03__exit_phone_room__V53E3RVB.mp4,FAKE
21_11__walking_outside_cafe_disgusted__DU9VH27B.mp4,FAKE
19_24__walking_down_street_outside_angry__59PN7WZ2.mp4,FAKE
21_11__walking_down_street_outside_angry__USLHUQDI.mp4,FAKE
21_09__walk_down_hall_angry__WBPEX4CU.mp4,FAKE
21_03__outside_talking_pan_laughing__YCSEBZO4.mp4,FAKE
22_23__outside_talking_pan_laughing__J671JKCH.mp4,FAKE
18_02__kitchen_pan__OXMEEFUQ.mp4,FAKE
20_06__podium_speech_happy__6SUW7063.mp4,FAKE
21_11__walking_down_indoor_hall_disgust__T7DK03O1.mp4,FAKE
19_24__talking_angry_couch__W1DEM0XM.mp4,FAKE
27_18__walking_down_indoor_hall_disgust__NYHE8D0J.mp4,FAKE
23_19__walk_down_hall_angry__F7U8UY7V.mp4,FAKE
25_09__talking_against_wall__ODAQ7BZL.mp4,FAKE
26_03__walk_down_hall_angry__WBSXBL82.mp4,FAKE
24_19__kitchen_pan__QD5K7BP2.mp4,FAKE
25_11__walk_down_hall_angry__JX0SAMTC.mp4,FAKE
27_02__exit_phone_room__6GC9HY9J.mp4,FAKE
27_25__walk_down_hall_angry__1KU29EUL.mp4,FAKE
24_19__exit_phone_room__0ZFOV5ZE.mp4,FAKE
23_19__outside_talking_pan_laughing__H4SUVFTL.mp4,FAKE
26_04__walking_outside_cafe_disgusted__MS2MLJP1.mp4,FAKE
26_04__walking_down_street_outside_angry__WX836VLY.mp4,FAKE
23_19__walking_down_indoor_hall_disgust__H4SUVFTL.mp4,FAKE
26_01__secret_conversation__BTVMWLG6.mp4,FAKE
27_09__walking_down_street_outside_angry__RC9KATOO.mp4,FAKE
24_19__secret_conversation__LVZNRK9S.mp4,FAKE
25_09__walking_down_street_outside_angry__5041ODBN.mp4,FAKE
25_09__secret_conversation__ODAQ7BZL.mp4,FAKE
27_25__walking_and_outside_surprised__1KU29EUL.mp4,FAKE
25_11__podium_speech_happy__JX0SAMTC.mp4,FAKE
27_14__walking_outside_cafe_disgusted__0KSONKQ2.mp4,FAKE
24_19__walk_down_hall_angry__59PN7WZ2.mp4,FAKE
23_22__walking_down_street_outside_angry__AKZRL2QD.mp4,FAKE
23_19__talking_angry_couch__D1K19NUP.mp4,FAKE
23_19__kitchen_still__WHQ1229T.mp4,FAKE
25_02__outside_talking_still_laughing__Z7FQ69VP.mp4,FAKE
23_19__talking_against_wall__H4SUVFTL.mp4,FAKE
23_22__walking_outside_cafe_disgusted__TU7RHG0S.mp4,FAKE
28_16__secret_conversation__R1QD0XDQ.mp4,FAKE
27_25__talking_angry_couch__1KU29EUL.mp4,FAKE
25_02__exit_phone_room__Z7FQ69VP.mp4,FAKE
24_19__podium_speech_happy__OF8LF68K.mp4,FAKE
23_19__secret_conversation__H4SUVFTL.mp4,FAKE
27_01__outside_talking_still_laughing__ZYCZ30C0.mp4,FAKE
23_19__walking_and_outside_surprised__F7U8UY7V.mp4,FAKE
28_05__kitchen_pan__2DK5X0Y0.mp4,FAKE
28_08__talking_angry_couch__KXO8S7OP.mp4,FAKE
23_19__podium_speech_happy__D1K19NUP.mp4,FAKE
28_16__walk_down_hall_angry__X5FNCYON.mp4,FAKE
26_04__outside_talking_still_laughing__WX836VLY.mp4,FAKE
27_09__talking_against_wall__RC9KATOO.mp4,FAKE
28_16__walking_down_street_outside_angry__6DWLCU6T.mp4,FAKE
28_08__podium_speech_happy__5DCAESDA.mp4,FAKE
27_01__hugging_happy__ZYCZ30C0.mp4,FAKE
27_18__kitchen_still__NYHE8D0J.mp4,FAKE
24_19__kitchen_still__RKQTC50P.mp4,FAKE
24_19__outside_talking_pan_laughing__59PN7WZ2.mp4,FAKE
25_02__outside_talking_pan_laughing__Z7FQ69VP.mp4,FAKE
24_19__outside_talking_still_laughing__59PN7WZ2.mp4,FAKE
26_03__kitchen_pan__WBSXBL82.mp4,FAKE
28_08__outside_talking_pan_laughing__8BC35RFU.mp4,FAKE
27_02__meeting_serious__QW05XUUZ.mp4,FAKE
23_19__outside_talking_still_laughing__D1K19NUP.mp4,FAKE
27_02__kitchen_pan__3L1MLH3D.mp4,FAKE
28_08__walking_outside_cafe_disgusted__8BC35RFU.mp4,FAKE
24_19__talking_against_wall__QD5K7BP2.mp4,FAKE
24_19__talking_angry_couch__0ZFOV5ZE.mp4,FAKE
28_08__outside_talking_still_laughing__GQN9WHLD.mp4,FAKE
26_03__talking_angry_couch__WBSXBL82.mp4,FAKE
26_03__talking_against_wall__WBSXBL82.mp4,FAKE
28_08__kitchen_still__8BC35RFU.mp4,FAKE
26_04__exit_phone_room__MS2MLJP1.mp4,FAKE
26_01__kitchen_still__ZMEJ535O.mp4,FAKE
26_03__podium_speech_happy__WBSXBL82.mp4,FAKE
27_07__podium_speech_happy__LEVU87KC.mp4,FAKE
26_03__outside_talking_pan_laughing__WBSXBL82.mp4,FAKE
27_02__outside_talking_pan_laughing__QW05XUUZ.mp4,FAKE
28_05__exit_phone_room__U9LRLJ6N.mp4,FAKE
24_19__walking_outside_cafe_disgusted__GNHYZ84G.mp4,FAKE
23_19__kitchen_pan__H4SUVFTL.mp4,FAKE
25_09__walking_outside_cafe_disgusted__ODAQ7BZL.mp4,FAKE
23_19__hugging_happy__H4SUVFTL.mp4,FAKE
24_19__walking_down_street_outside_angry__59PN7WZ2.mp4,FAKE
26_04__talking_angry_couch__MS2MLJP1.mp4,FAKE
02_06__secret_conversation__O9WOC1KJ.mp4,FAKE
04_26__talking_angry_couch__WX836VLY.mp4,FAKE
03_14__walking_down_street_outside_angry__Q9NSXM88.mp4,FAKE
28_16__kitchen_pan__X5FNCYON.mp4,FAKE
21_25__hugging_happy__NFBISHIN.mp4,FAKE
06_18__walk_down_hall_angry__OWJY9LQU.mp4,FAKE
27_14__walk_down_hall_angry__0KSONKQ2.mp4,FAKE
04_13__kitchen_still__00T3UYOR.mp4,FAKE
13_25__talking_against_wall__7YMTAF29.mp4,FAKE
03_18__outside_talking_pan_laughing__32DBR8L4.mp4,FAKE
25_21__walking_outside_cafe_disgusted__NFBISHIN.mp4,FAKE
04_11__exit_phone_room__60BU0X0I.mp4,FAKE
05_17__walk_down_hall_angry__YTJYYDO9.mp4,FAKE
16_28__kitchen_still__NAZP864W.mp4,FAKE
01_04__podium_speech_happy__0XUW13RW.mp4,FAKE
04_12__walking_down_street_outside_angry__B6YJ9IW1.mp4,FAKE
06_26__walking_outside_cafe_disgusted__L5BVR5L9.mp4,FAKE
26_12__outside_talking_pan_laughing__OVOQACG8.mp4,FAKE
09_21__walking_down_street_outside_angry__Z8H2TRCI.mp4,FAKE
02_27__outside_talking_still_laughing__FV8M8O2C.mp4,FAKE
01_04__podium_speech_happy__6I623VU9.mp4,FAKE
25_20__outside_talking_pan_laughing__NPM0ENKD.mp4,FAKE
26_13__kitchen_pan__1ZRIYSSU.mp4,FAKE
20_07__walking_and_outside_surprised__9I0WSUJV.mp4,FAKE
11_03__kitchen_pan__P08VGHTA.mp4,FAKE
01_04__outside_talking_still_laughing__0XUW13RW.mp4,FAKE
04_26__exit_phone_room__MS2MLJP1.mp4,FAKE
09_20__walk_down_hall_angry__RAGUKRMK.mp4,FAKE
15_02__walking_and_outside_surprised__MZWH8ATN.mp4,FAKE
25_12__walking_outside_cafe_disgusted__3PS32GAH.mp4,FAKE
10_22__kitchen_still__J2HR5HKH.mp4,FAKE
04_01__podium_speech_happy__0XUW13RW.mp4,FAKE
19_24__podium_speech_happy__OF8LF68K.mp4,FAKE
14_09__walking_outside_cafe_disgusted__6TEK3ZX0.mp4,FAKE
27_06__walk_down_hall_angry__S3T7SK9O.mp4,FAKE
02_01__talking_against_wall__YVGY8LOK.mp4,FAKE
09_20__outside_talking_pan_laughing__HG1S0KHA.mp4,FAKE
20_14__secret_conversation__3HWOJRAM.mp4,FAKE
27_02__walk_down_hall_angry__78M8S6M6.mp4,FAKE
14_18__talking_angry_couch__0YRBHIKG.mp4,FAKE
21_20__walking_down_street_outside_angry__ZCB5OMEW.mp4,FAKE
27_25__walk_down_hall_angry__GNIMW95Z.mp4,FAKE
01_15__hugging_happy__02HILKYO.mp4,FAKE
07_14__walk_down_hall_angry__P9QFO50U.mp4,FAKE
01_14__kitchen_still__01YF7VQM.mp4,FAKE
19_24__secret_conversation__DL7X7M6I.mp4,FAKE
20_09__outside_talking_still_laughing__MKEWB4SM.mp4,FAKE
09_14__kitchen_pan__FRY0IZ4R.mp4,FAKE
13_20__walking_down_indoor_hall_disgust__EV1V4ZQV.mp4,FAKE
03_15__talking_angry_couch__5C1OMK8W.mp4,FAKE
13_20__talking_against_wall__VO2YZXLN.mp4,FAKE
02_15__kitchen_pan__SB6PMCO0.mp4,FAKE
18_11__walk_down_hall_angry__PT4YKO2R.mp4,FAKE
18_26__walk_down_hall_angry__UMEX6HWU.mp4,FAKE
13_07__walking_outside_cafe_disgusted__RVQCPCJF.mp4,FAKE
24_23__talking_angry_couch__MDSDXSNU.mp4,FAKE
15_04__walking_outside_cafe_disgusted__46TJ9IOJ.mp4,FAKE
27_15__walking_and_outside_surprised__WZ4MLUAV.mp4,FAKE
06_20__walk_down_hall_angry__6SUW7063.mp4,FAKE
03_15__exit_phone_room__OY4I7ZU8.mp4,FAKE
20_26__kitchen_still__34DJQS3E.mp4,FAKE
09_21__talking_against_wall__LBQF8ZN1.mp4,FAKE
05_08__walk_down_hall_angry__PRBCE28Z.mp4,FAKE
03_07__walking_down_indoor_hall_disgust__F0YYEA5W.mp4,FAKE
09_02__kitchen_pan__9TDCEK1Q.mp4,FAKE
04_07__podium_speech_happy__ITC0C48B.mp4,FAKE
21_09__hugging_happy__Z8H2TRCI.mp4,FAKE
02_27__kitchen_pan__3L1MLH3D.mp4,FAKE
13_14__walking_outside_cafe_disgusted__KMQ3AW6A.mp4,FAKE
21_15__talking_against_wall__JDPD580N.mp4,FAKE
14_18__talking_against_wall__0YRBHIKG.mp4,FAKE
13_11__kitchen_pan__61T622EK.mp4,FAKE
15_21__outside_talking_pan_laughing__87WSBJP3.mp4,FAKE
03_18__outside_talking_still_laughing__N72YE748.mp4,FAKE
26_12__outside_talking_still_laughing__LI63E4TS.mp4,FAKE
02_07__walking_and_outside_surprised__UH60ROEK.mp4,FAKE
23_10__walking_down_indoor_hall_disgust__GYY4VANY.mp4,FAKE
10_23__outside_talking_still_laughing__CU6SNBFZ.mp4,FAKE
11_18__talking_against_wall__PT4YKO2R.mp4,FAKE
26_20__podium_speech_happy__01OJA93K.mp4,FAKE
20_15__hugging_happy__99NHTFBM.mp4,FAKE
25_18__walking_outside_cafe_disgusted__SEGFKFJG.mp4,FAKE
05_17__kitchen_pan__M3H96PDQ.mp4,FAKE
06_03__walking_down_indoor_hall_disgust__KIWCEATU.mp4,FAKE
20_12__walking_down_indoor_hall_disgust__GHPWDH3C.mp4,FAKE
26_14__talking_against_wall__ILLP29ZH.mp4,FAKE
07_12__outside_talking_pan_laughing__KAG65PEE.mp4,FAKE
01_14__hugging_happy__0S0NS5C6.mp4,FAKE
20_11__hugging_happy__GNK9UR8K.mp4,FAKE
09_26__walking_down_street_outside_angry__C3K20JOL.mp4,FAKE
03_06__secret_conversation__1IXGY2FK.mp4,FAKE
15_06__kitchen_still__QRCD27P8.mp4,FAKE
01_04__podium_speech_happy__GBC7ZGDP.mp4,FAKE
08_05__walk_down_hall_angry__YN1Q9TER.mp4,FAKE
13_09__outside_talking_still_laughing__YP7MGDQ6.mp4,FAKE
12_13__talking_angry_couch__WCPCP2TD.mp4,FAKE
02_27__kitchen_pan__UGO2181S.mp4,FAKE
03_07__hugging_happy__IFSURI9X.mp4,FAKE
07_25__hugging_happy__IKMKYKPG.mp4,FAKE
03_07__talking_against_wall__WPT3Z2KN.mp4,FAKE
18_21__outside_talking_pan_laughing__PQFTWVRQ.mp4,FAKE
02_27__kitchen_pan__B3XHKO27.mp4,FAKE
02_27__outside_talking_still_laughing__YQX5Z8GN.mp4,FAKE
26_20__exit_phone_room__XWMKFMF6.mp4,FAKE
23_22__outside_talking_still_laughing__W9MT3Q5K.mp4,FAKE
10_23__exit_phone_room__W4BDINQ5.mp4,FAKE
02_15__exit_phone_room__MCRFMYAE.mp4,FAKE
25_09__walking_outside_cafe_disgusted__5041ODBN.mp4,FAKE
21_15__hugging_happy__87WSBJP3.mp4,FAKE
11_01__outside_talking_still_laughing__18HYCC8C.mp4,FAKE
02_09__hugging_happy__9TDCEK1Q.mp4,FAKE
13_26__talking_angry_couch__1ZRIYSSU.mp4,FAKE
09_13__outside_talking_pan_laughing__TG55WJXX.mp4,FAKE
06_02__talking_angry_couch__J1W9R0NG.mp4,FAKE
07_02__exit_phone_room__1JCLEEBQ.mp4,FAKE
12_15__secret_conversation__RK17XFJ9.mp4,FAKE
26_06__walking_down_street_outside_angry__L5BVR5L9.mp4,FAKE
25_06__outside_talking_pan_laughing__3QQBVBYN.mp4,FAKE
05_28__walking_down_street_outside_angry__U9LRLJ6N (1).mp4,FAKE
05_28__walking_down_street_outside_angry__U9LRLJ6N.mp4,FAKE
08_28__podium_speech_happy__KXO8S7OP.mp4,FAKE
25_07__walking_down_street_outside_angry__IKMKYKPG.mp4,FAKE
21_12__outside_talking_pan_laughing__ME7E3R1D.mp4,FAKE
12_06__podium_speech_happy__3K21NFNM.mp4,FAKE
06_20__hugging_happy__6SUW7063.mp4,FAKE
13_09__walking_down_indoor_hall_disgust__21H6XSPE.mp4,FAKE
14_03__secret_conversation__L0GHYIFS.mp4,FAKE
14_03__exit_phone_room__7JPPCV50.mp4,FAKE
13_09__walking_down_street_outside_angry__NDMHWBT1.mp4,FAKE
19_24__outside_talking_still_laughing__NPZW2Z9L.mp4,FAKE
01_04__walking_down_street_outside_angry__GBC7ZGDP.mp4,FAKE
06_11__exit_phone_room__C8C4FW99.mp4,FAKE
06_25__outside_talking_pan_laughing__3QQBVBYN.mp4,FAKE
06_18__outside_talking_pan_laughing__UIQG2RF4.mp4,FAKE
27_26__podium_speech_happy__IE9N0ZI9.mp4,FAKE
13_20__exit_phone_room__C50CSOEX.mp4,FAKE
05_17__talking_against_wall__M3H96PDQ.mp4,FAKE
02_06__kitchen_pan__3J3BHSHI.mp4,FAKE
07_06__exit_phone_room__NMGYPBXE.mp4,FAKE
25_27__walking_down_street_outside_angry__1KU29EUL.mp4,FAKE
15_04__walk_down_hall_angry__7NW4Z6WZ.mp4,FAKE
15_12__walking_and_outside_surprised__N0SRODQD.mp4,FAKE
09_03__outside_talking_still_laughing__8DTEGQ54.mp4,FAKE
13_04__kitchen_pan__00T3UYOR.mp4,FAKE
13_11__kitchen_pan__XXKQ4XM0.mp4,FAKE
13_20__kitchen_still__2994SNXH.mp4,FAKE
22_10__kitchen_still__J2HR5HKH.mp4,FAKE
28_08__secret_conversation__5DCAESDA.mp4,FAKE
15_06__podium_speech_happy__QRCD27P8.mp4,FAKE
15_25__walking_down_street_outside_angry__FF95NMIQ.mp4,FAKE
12_07__walking_and_outside_surprised__X9X7FAZG.mp4,FAKE
07_09__outside_talking_pan_laughing__N9CWME71.mp4,FAKE
15_14__walking_down_street_outside_angry__OMLZILK3.mp4,FAKE
12_02__walking_and_outside_surprised__9D2ZHEKW.mp4,FAKE
03_07__walking_outside_cafe_disgusted__WPT3Z2KN.mp4,FAKE
06_18__talking_against_wall__DEA1TCLN.mp4,FAKE
phpuisgsfb.mp4,REAL
xkxyusmczj.mp4,REAL
oxgyyzdlqh.mp4,REAL
phetysaffc.mp4,REAL
svgjmmhwil.mp4,REAL
pmdazvzawj.mp4,REAL
sgyzllcext.mp4,REAL
pajggbycri.mp4,REAL
rbsqytvobx.mp4,REAL
ydgtctdttz.mp4,REAL
qpmhnuvprc.mp4,REAL
shhcngealn.mp4,REAL
qahmjcobin.mp4,REAL
ruonzmdflz.mp4,REAL
vwrwhjomzm.mp4,REAL
oxopeqblnw.mp4,REAL
rdhomoizjm.mp4,REAL
pfzfafciut.mp4,REAL
vajhspvilv.mp4,REAL
qiorirtbxy.mp4,REAL
oeccccnpxu.mp4,REAL
xnarvhxkfy.mp4,REAL
pqeggwylbx.mp4,REAL
xkpaqvpzvj.mp4,REAL
ooiaifcicb.mp4,REAL
wyevhwjqqt.mp4,REAL
xwomeqanfv.mp4,REAL
pltaulohnf.mp4,REAL
qnpsikebde.mp4,REAL
ygbrkugyvg.mp4,REAL
tlvrpscrnl.mp4,REAL
olhwbczcgt.mp4,REAL
zjnsaapwsk.mp4,REAL
qrjydgidga.mp4,REAL
vasffzldui.mp4,REAL
tscirisbab.mp4,REAL
phmpdrppom.mp4,REAL
trgeveouxp.mp4,REAL
satqlycwnv.mp4,REAL
suuxeiqhho.mp4,REAL
nwpdrtlfkn.mp4,REAL
vefoirxtxg.mp4,REAL
rjtiulmezk.mp4,REAL
usvtycwvwk.mp4,REAL
uidlalkquf.mp4,REAL
wzarsojkkm.mp4,REAL
tupereyivk.mp4,REAL
viiygflhqg.mp4,REAL
srncaxcnfm.mp4,REAL
spxbbffqqf.mp4,REAL
wlfjlraraz.mp4,REAL
pchqtckpvj.mp4,REAL
zgtvracoga.mp4,REAL
xkmyyjztoo.mp4,REAL
wzlnusxefj.mp4,REAL
prbqnhgizg.mp4,REAL
vlkhmgqnwq.mp4,REAL
oqbsgrifhp.mp4,REAL
opzjopubkw.mp4,REAL
xvjwqniyaq.mp4,REAL
vrffapgmja.mp4,REAL
pzrigrcqzv.mp4,REAL
tgwptkzquf.mp4,REAL
xapeioqpva.mp4,REAL
qmzucjfbrm.mp4,REAL
qfjuydngdb.mp4,REAL
uogkikugah.mp4,REAL
tomcgrgzft.mp4,REAL
qymuvqgggr.mp4,REAL
puhmctjugr.mp4,REAL
uzfxlwmdqi.mp4,REAL
ufremskbnb.mp4,REAL
xfxjghfgql.mp4,REAL
tanzxmtcpo.mp4,REAL
qutdvdwovi.mp4,REAL
tbqojwejrc.mp4,REAL
uqxeoibzvv.mp4,REAL
ukxdazlghx.mp4,REAL
teieyyxkme.mp4,REAL
uoptulivph.mp4,REAL
yfrdadfdwo.mp4,REAL
oumvlthfdj.mp4,REAL
zhqsyxrwqs.mp4,REAL
wlvsxbsavc.mp4,REAL
pbdrgiiccs.mp4,REAL
ryqgkylxqj.mp4,REAL
qwilmyiskx.mp4,REAL
qxfaiqqvlc.mp4,REAL
zmfjyoofct.mp4,REAL
zpcyxgjqjq.mp4,REAL
xtcpqogdoh.mp4,REAL
tsiywxrqja.mp4,REAL
osixpynvpu.mp4,REAL
raawzmhdgx.mp4,REAL
zsgtmhucct.mp4,REAL
yypbrzvfpa.mp4,REAL
vywtjgalte.mp4,REAL
xilttmnhnt.mp4,REAL
ygibaucydu.mp4,REAL
vwbrfvbexi.mp4,REAL
sccxwwayqo.mp4,REAL
vjyfgpooko.mp4,REAL
wifmzlfzxt.mp4,REAL
xywbmzyrlu.mp4,REAL
zmpimfofyq.mp4,REAL
zwnptggpfh.mp4,REAL
zsryreoyki.mp4,REAL
ypgapxpqug.mp4,REAL
zrkevjrzul.mp4,REAL
yxsfsjbrxz.mp4,REAL
zjintloxhp.mp4,REAL
zxvhssxqza.mp4,REAL
yfznrrpoek.mp4,REAL
vfewftvulj.mp4,REAL
yohtaqcczj.mp4,REAL
ticjgcirbg.mp4,REAL
zpcnotzcxp.mp4,REAL
ymofihdaqg.mp4,REAL
zvslbtcvwx.mp4,REAL
tobkpktdmr.mp4,REAL
wbljssjgnp.mp4,REAL
vbnmqkfhlu.mp4,REAL
xgsbzzvpmu.mp4,REAL
utqeognvoq.mp4,REAL
wjletbemlm.mp4,REAL
ziwrbqsqty.mp4,REAL
zzssjgskys.mp4,REAL
zuhfjrbeik.mp4,REAL
xkzxogkqyr.mp4,REAL
vuxfsebfrd.mp4,REAL
souquoouds.mp4,REAL
tworzxrwuf.mp4,REAL
urnqalzaon.mp4,REAL
szkoxlypql.mp4,REAL
xrhvfgkdwr.mp4,REAL
uafpynytut.mp4,REAL
tlrcbdyjus.mp4,REAL
qynlzaxcur.mp4,REAL
yrfneracbq.mp4,REAL
sbmpwcohba.mp4,REAL
wswnlvujup.mp4,REAL
rlwjctlalt.mp4,REAL
ojqjomykky.mp4,REAL
qybjkjeiyd.mp4,REAL
vyecastqxh.mp4,REAL
ogpbqcuryw.mp4,REAL
vjopqgxmca.mp4,REAL
ziwqxziokk.mp4,REAL
ymsfmzuove.mp4,REAL
vessqxcgjp.mp4,REAL
owcmgztrrw.mp4,REAL
sevslgapij.mp4,REAL
vjwwqswfvd.mp4,REAL
wmehpcfhsr.mp4,REAL
upoexxyqor.mp4,REAL
vnvwhpkedj.mp4,REAL
pafdypymzz.mp4,REAL
onffvuobqo.mp4,REAL
ovsmlemylp.mp4,REAL
wisekeyeqh.mp4,REAL
pvfluzncii.mp4,REAL
yexyajaazk.mp4,REAL
texqtliuqz.mp4,REAL
uhtmgorbnm.mp4,REAL
tygzlpfsmy.mp4,REAL
qpuqrfwooq.mp4,REAL
pdxrkshcdo.mp4,REAL
rfrwtfsuku.mp4,REAL
ucgaxulxxy.mp4,REAL
tnvupncnpj.mp4,REAL
rolmpzrhls.mp4,REAL
qbievnxvpk.mp4,REAL
wstwunclrh.mp4,REAL
tjnkhaahgz.mp4,REAL
udzuptdfzl.mp4,REAL
qefpqclgyw.mp4,REAL
qkbcijlnls.mp4,REAL
svaytnurer.mp4,REAL
xeofwjlyzr.mp4,REAL
vxpzecdqti.mp4,REAL
rajwmkfwud.mp4,REAL
txcegmtcte.mp4,REAL
vrtpfdejdq.mp4,REAL
whldccqxyd.mp4,REAL
fjmdbzibnq.mp4,REAL
fklzzxioez.mp4,REAL
fsifmmgnrv.mp4,REAL
frkiuejngv.mp4,REAL
ftlefdarud.mp4,REAL
fsqbokdmjc.mp4,REAL
ftqkikwzkv.mp4,REAL
fvjgauvoqz.mp4,REAL
fvqgofievn.mp4,REAL
fwgrdvshjo.mp4,REAL
gcjhaarqoi.mp4,REAL
gcdyhjklzf.mp4,REAL
gdztqqkbkg.mp4,REAL
gdyihbkgxp.mp4,REAL
ggyxpodbxd.mp4,REAL
ghnyfsuudy.mp4,REAL
gjzdusvnja.mp4,REAL
gjysuxxmgd.mp4,REAL
gjvwjhesgg.mp4,REAL
gmhrdcpuvj.mp4,REAL
glxrhibhol.mp4,REAL
gsufmjyjfd.mp4,REAL
gruyhwrioj.mp4,REAL
gqezbbmijn.mp4,REAL
grlnstjrut.mp4,REAL
gtdkzkofox.mp4,REAL
guyunvsdsx.mp4,REAL
hdxnmpknle.mp4,REAL
hbarvxzmkk.mp4,REAL
hfvwchizdz.mp4,REAL
hfhgysacyf.mp4,REAL
hgomkdxenn.mp4,REAL
zoqedckdum.mp4,FAKE
zmzlvstizv.mp4,FAKE
tucktnnmrw.mp4,FAKE
xupaelklwc.mp4,FAKE
znchkgvbqi.mp4,FAKE
wfgjidrquw.mp4,FAKE
yxwjqkjfrs.mp4,FAKE
wdkueylvan.mp4,FAKE
weimfflcqa.mp4,FAKE
xdjliqsvpd.mp4,FAKE
piaybeiamv.mp4,FAKE
rmmdfsqfjq.mp4,FAKE
hwltoeeilr.mp4,FAKE
kanxymmtcx.mp4,FAKE
ytxhrhnfcg.mp4,FAKE
nmrfwkhcar.mp4,FAKE
nkfkvpcydd.mp4,FAKE
uhtwowliza.mp4,FAKE
mmvfohlxgv.mp4,FAKE
beqbcfymww.mp4,FAKE
xpuleairnz.mp4,FAKE
ddirdservp.mp4,FAKE
bpokhtyism.mp4,FAKE
ccpisbkrgy.mp4,FAKE
bbhtcdzmgf.mp4,FAKE
nuizrvbyks.mp4,FAKE
qzkpufejso.mp4,FAKE
chrdwywujo.mp4,FAKE
ehrnoovzhq.mp4,FAKE
sudclpklts.mp4,FAKE
oltvidrazd.mp4,FAKE
vtueuttbrx.mp4,FAKE
oeqgbnhijl.mp4,FAKE
pkdsbddewx.mp4,FAKE
jeaupgnxll.mp4,FAKE
tdbkqadbza.mp4,FAKE
dwhuzwkgzp.mp4,FAKE
vheoxjagto.mp4,FAKE
tjxbnqsryt.mp4,FAKE
xzpkekxrts.mp4,FAKE
poyobepyfa.mp4,FAKE
xlkvtpsewc.mp4,FAKE
jemrrgssqn.mp4,FAKE
parjwcvtpk.mp4,FAKE
mhaxyafguf.mp4,FAKE
kcbfqtrnkl.mp4,FAKE
vcdkmpoykh.mp4,FAKE
tpinzksjaf.mp4,FAKE
fqmagqatec.mp4,FAKE
sjkwxqukox.mp4,FAKE
iigyhshrwe.mp4,FAKE
cwayeqkjto.mp4,FAKE
uvhlspucua.mp4,FAKE
ibjkueqtba.mp4,FAKE
nwmeroofac.mp4,FAKE
btbepogvyl.mp4,FAKE
pgtgwwqlco.mp4,FAKE
nopfvlisch.mp4,FAKE
rfssaqlhhw.mp4,FAKE
xaykipcgmm.mp4,FAKE
nejdfhnjen.mp4,FAKE
njhttpwbxu.mp4,FAKE
ceebmgekpz.mp4,FAKE
ycpljobxzk.mp4,FAKE
seszvlylke.mp4,FAKE
bcpvgwrxug.mp4,FAKE
kkfbhpiwrg.mp4,FAKE
qycxsqlkir.mp4,FAKE
wdycpqchcn.mp4,FAKE
mfqrvneqiq.mp4,FAKE
zxiivfkipf.mp4,FAKE
cusdxxdwmg.mp4,FAKE
llayrsvxmy.mp4,FAKE
nvbtmbxplm.mp4,FAKE
urchwltyde.mp4,FAKE
jdgzbsjnri.mp4,FAKE
qtcqmbqltm.mp4,FAKE
kxvrmszevj.mp4,FAKE
pnkjrsohjk.mp4,FAKE
crrcreusag.mp4,FAKE
yefgfikzlg.mp4,FAKE
aqxjysinmy.mp4,FAKE
abingyvkus.mp4,FAKE
sahzdydlgm.mp4,FAKE
tofgwwrswe.mp4,FAKE
gtuqedcuci.mp4,FAKE
mwkknldjkb.mp4,FAKE
vpxixoonll.mp4,FAKE
dkyboeoika.mp4,FAKE
ncdhtzvtjd.mp4,FAKE
oxbygboopc.mp4,FAKE
gyrmisvhlu.mp4,FAKE
bytncpzoqp.mp4,FAKE
epxzxbchmd.mp4,FAKE
takntlvyln.mp4,FAKE
abpynckiti.mp4,FAKE
tetdhlrbvn.mp4,FAKE
ngzxcrnkjx.mp4,FAKE
impgtprsqz.mp4,FAKE
oujljuqqvv.mp4,FAKE
srmgprspip.mp4,FAKE
gijhwzgrae.mp4,FAKE
yhrwnayfng.mp4,FAKE
qunydyyxxk.mp4,FAKE
qrgmmaiayq.mp4,FAKE
pewdreqrnp.mp4,FAKE
dskacvwxsw.mp4,FAKE
svmkjxqlub.mp4,FAKE
rdhnpqxdsy.mp4,FAKE
jsyyatuoox.mp4,FAKE
feqkuzrsja.mp4,FAKE
utyrzfpems.mp4,FAKE
ufienyulkw.mp4,FAKE
yqljgxovkg.mp4,FAKE
kpjvpidxqr.mp4,FAKE
sfyqkdekqm.mp4,FAKE
uzbllfrzob.mp4,FAKE
dxolvgldzh.mp4,FAKE
vhwshcljrl.mp4,FAKE
xshsmrimaq.mp4,FAKE
vlkmjaybvm.mp4,FAKE
axfgowzinn.mp4,FAKE
aripxkdlsd.mp4,FAKE
nlxhqoxrgl.mp4,FAKE
iqrqhrixfp.mp4,FAKE
mnfbkxexcv.mp4,FAKE
xewzfcrhyi.mp4,FAKE
yfobnogzhp.mp4,FAKE
cynbzxibda.mp4,FAKE
oggelygfsg.mp4,FAKE
bvjvzesjjb.mp4,FAKE
xpvmgotokj.mp4,FAKE
jubhnrzjnt.mp4,FAKE
wjtaxcqifj.mp4,FAKE
dlykfuvmvi.mp4,FAKE
dgfwvxrbni.mp4,FAKE
poweaodebb.mp4,FAKE
vccirdiyyb.mp4,FAKE
bostfdnanu.mp4,FAKE
jeyeioajbs.mp4,FAKE
kuthmsdkwd.mp4,FAKE
recogqypfz.mp4,FAKE
ogueotgdts.mp4,FAKE
lszvjhrkca.mp4,FAKE
zrwblmwcuj.mp4,FAKE
vpbwzqvbsa.mp4,FAKE
nvcwsleafg.mp4,FAKE
oycurfplrx.mp4,FAKE
lnlozrcdkl.mp4,FAKE
sojzehenkq.mp4,FAKE
qfcbwmmapg.mp4,FAKE
fwnirsyhwe.mp4,FAKE
eeayaqmanz.mp4,FAKE
igqtehovnx.mp4,FAKE
euxlncjaip.mp4,FAKE
mjwyrorrjl.mp4,FAKE
ubmmgsumut.mp4,FAKE
cbxwcgzlna.mp4,FAKE
emuzlotcnx.mp4,FAKE
sdzzeqsggj.mp4,FAKE
xbqqsqvfwb.mp4,FAKE
glgwbjcmzf.mp4,FAKE
mpahdotors.mp4,FAKE
pqkiuplrih.mp4,FAKE
ktuqvyqtax.mp4,FAKE
siyjjonkyt.mp4,FAKE
mirtrzrvsb.mp4,FAKE
lpnzrkuvts.mp4,FAKE
peanfbmcfe.mp4,FAKE
rxbsalifts.mp4,FAKE
icvevwmnut.mp4,FAKE
frxceyfttc.mp4,FAKE
zlskogfing.mp4,FAKE
ifsfkwyfgr.mp4,FAKE
wdduxdkkjh.mp4,FAKE
rkecxcyblt.mp4,FAKE
ubnrrjdfeg.mp4,FAKE
kxuybjovvm.mp4,FAKE
sfntjrywgw.mp4,FAKE
ieygvtnomj.mp4,FAKE
bmfftnywnw.mp4,FAKE
yjnosocfrh.mp4,FAKE
puynovlhnp.mp4,FAKE
pftifpfbqr.mp4,FAKE
kzdxzezhri.mp4,FAKE
dhsyqoquhs.mp4,FAKE
estbfwwxjy.mp4,FAKE
fxiavfnacj.mp4,FAKE
ccrgfndhem.mp4,FAKE
eybccxcxrn.mp4,FAKE
zpqoxwdgfx.mp4,FAKE
dwgxfiassm.mp4,FAKE
ujanwlkufe.mp4,FAKE
jyredvphdl.mp4,FAKE
vhpjhwzccg.mp4,FAKE
kqyvscimow.mp4,FAKE
nxrlohdpxq.mp4,FAKE
acsfdxosrq.mp4,FAKE
iwbxuuyfnt.mp4,FAKE
thfmznxrde.mp4,FAKE
gbqrlhbtcx.mp4,FAKE
crdwshvwjn.mp4,FAKE
vypyrwpwdu.mp4,FAKE
hjtauqmpqo.mp4,FAKE
rvwfojipwu.mp4,FAKE
bxlyvithhr.mp4,FAKE
cdyaoprhrr.mp4,FAKE
pijuaxbmej.mp4,FAKE
jigtkjrbot.mp4,FAKE
asuvyfogir.mp4,FAKE
olanjvskzc.mp4,FAKE
weefgzeiss.mp4,FAKE
vyjimehxoo.mp4,FAKE
rsgioikgcv.mp4,FAKE
qnahmrwqzl.mp4,FAKE
vxfpfaneih.mp4,FAKE
whdtvhdhlq.mp4,FAKE
nhkwncutyp.mp4,FAKE
wbvcmmnspe.mp4,FAKE
fbsxrqasbn.mp4,FAKE
vpmsfzrzrp.mp4,FAKE
sdsgbzkjpx.mp4,FAKE
nkfmrhfqgl.mp4,FAKE
sxseiasrva.mp4,FAKE
lrdgvzkswl.mp4,FAKE
xqqzvrmvre.mp4,FAKE
nizjecvkji.mp4,FAKE
nkrpqrpecv.mp4,FAKE
dbolphrfma.mp4,FAKE
ixrpqifkvp.mp4,FAKE
cfjxolemtz.mp4,FAKE
xxzupleytn.mp4,FAKE
epsjyqmuvw.mp4,FAKE
nyjldzjdvd.mp4,FAKE
redhlohvyi.mp4,FAKE
wnjfpmczjv.mp4,FAKE
suqjzjwxvv.mp4,FAKE
xtfsmcbbez.mp4,FAKE
gepynjpkym.mp4,FAKE
vrcgehbfqu.mp4,FAKE
maxignyllv.mp4,FAKE
rljifiitdw.mp4,FAKE
rrhxnmzmoh.mp4,FAKE
ytekobkixs.mp4,FAKE
lyilwuxesh.mp4,FAKE
irnctqemlo.mp4,FAKE
zmylyqwwod.mp4,FAKE
pdeuwimuru.mp4,FAKE
yxzezhuaxw.mp4,FAKE
sholufpcbk.mp4,FAKE
tzbxeejafc.mp4,FAKE
rorvdyyyef.mp4,FAKE
ftjnvrdurg.mp4,FAKE
xqgixbcrrg.mp4,FAKE
opmellczlu.mp4,FAKE
xaihaudjsg.mp4,FAKE
kjqtxknfmw.mp4,FAKE
tazdyiouyb.mp4,FAKE
lkbuocvulj.mp4,FAKE
sgmkrpzomy.mp4,FAKE
zxbcozaftj.mp4,FAKE
jdnzdjgipn.mp4,FAKE
twemxfuput.mp4,FAKE
hxlhdlfypc.mp4,FAKE
hbkrshiixl.mp4,FAKE
dsduejlbqc.mp4,FAKE
amuwroyteu.mp4,FAKE
gplljeejvd.mp4,FAKE
dxygfcclgu.mp4,FAKE
scijrwllgd.mp4,FAKE
xfovfwpumk.mp4,FAKE
dzffetljax.mp4,FAKE
bmdgvyiveu.mp4,FAKE
ypcffabslt.mp4,FAKE
fgdcrhhiuq.mp4,FAKE
lblrfrqjac.mp4,FAKE
phjmferyds.mp4,FAKE
tsiwpotmvo.mp4,FAKE
brfzvumdyc.mp4,FAKE
nkdbsnoutg.mp4,FAKE
bixfmpvnvo.mp4,FAKE
tznntzqsou.mp4,FAKE
psdnsoapba.mp4,FAKE
ifqghnlhth.mp4,FAKE
byplrzvcgn.mp4,FAKE
hqergxqdir.mp4,FAKE
wrdeamxomm.mp4,FAKE
evkkjgvprd.mp4,FAKE
xyvixgnraw.mp4,FAKE
uogbbddidc.mp4,FAKE
epmvowtywz.mp4,FAKE
jmiemyzsnl.mp4,FAKE
jnkhbwptut.mp4,FAKE
nlnlmphrry.mp4,FAKE
qaooedqhzc.mp4,FAKE
xfmhyxfkgf.mp4,FAKE
xegkjraksh.mp4,FAKE
ykpvzfdqpw.mp4,FAKE
vkzflyigcd.mp4,FAKE
unpbvnvlrl.mp4,FAKE
tuvbppsbqp.mp4,FAKE
dnglqxxhet.mp4,FAKE
mvfeurfoyq.mp4,FAKE
kfrwwomubw.mp4,FAKE
jvexewmxzf.mp4,FAKE
cmjbogupmh.mp4,FAKE
srvsqdcekm.mp4,FAKE
zclobhjlrc.mp4,FAKE
eshvuuwqwp.mp4,FAKE
ckpbllwlnj.mp4,FAKE
jhloraczby.mp4,FAKE
tfpqdyatpo.mp4,FAKE
pvjdudsjri.mp4,FAKE
uuqpvxmfnw.mp4,FAKE
eaupixxtjv.mp4,FAKE
hpssvcvihl.mp4,FAKE
oenruojxyr.mp4,FAKE
bgmofsdxst.mp4,FAKE
yontmxrffq.mp4,FAKE
qzwalffoda.mp4,FAKE
jbxtzfymea.mp4,FAKE
xocdnlovwo.mp4,FAKE
mmpaqcnuib.mp4,FAKE
okgbhxkynh.mp4,FAKE
qzqsrandpc.mp4,FAKE
okzfyjgzgb.mp4,FAKE
cerpjszyua.mp4,FAKE
ihqurgivsl.mp4,FAKE
dhctavhoja.mp4,FAKE
ewzyngqedc.mp4,FAKE
prqwoaxndv.mp4,FAKE
ltfyxkvlwf.mp4,FAKE
mkrhkyhwcu.mp4,FAKE
hhrnaekwyc.mp4,FAKE
bbrqnzlnyj.mp4,FAKE
tuxttrixuo.mp4,FAKE
wrjquvghpj.mp4,FAKE
benyrkbvzv.mp4,FAKE
zezoujrxve.mp4,FAKE
mvecnjvxls.mp4,FAKE
awhggyzodc.mp4,FAKE
gqgedzswmf.mp4,FAKE
cyvlcvmahj.mp4,FAKE
fwesgkefnw.mp4,FAKE
ocehsmeiqc.mp4,FAKE
prvravbahs.mp4,FAKE
gcxwoablgs.mp4,FAKE
decnwudhiu.mp4,FAKE
mrzfqxviiz.mp4,FAKE
chxwkxbseo.mp4,FAKE
wishixpbsg.mp4,FAKE
eejepiavgr.mp4,FAKE
olianjbqsi.mp4,FAKE
eyiciuhrvv.mp4,FAKE
dmfehdckry.mp4,FAKE
kjrybakcra.mp4,FAKE
tcusewmlgy.mp4,FAKE
bgisxylcbw.mp4,FAKE
zsjyfjipyn.mp4,FAKE
vqoffrnzmz.mp4,FAKE
gvkrkvbocw.mp4,FAKE
wugwyvxgxc.mp4,FAKE
wdhgcyidkt.mp4,FAKE
xtjgibhzvs.mp4,FAKE
cagyovhtxp.mp4,FAKE
znjdxtjlst.mp4,FAKE
lkcyeinqug.mp4,FAKE
xmrkukifci.mp4,FAKE
ltnckkemvj.mp4,FAKE
congkparoh.mp4,FAKE
xneabhqwib.mp4,FAKE
hciqagkhwb.mp4,FAKE
rhbhyafnfz.mp4,FAKE
urnglymoaa.mp4,FAKE
ewcyhjucor.mp4,FAKE
dluvgfzvdm.mp4,FAKE
pscolfeoau.mp4,FAKE
oaerjtztea.mp4,FAKE
kqhonufdwk.mp4,FAKE
rtebudrlmj.mp4,FAKE
vkmzmffkxy.mp4,FAKE
jcskpkzxjc.mp4,FAKE
qbzlvljdge.mp4,FAKE
jgctemodlk.mp4,FAKE
agrkmxywnc.mp4,FAKE
okvfljyiel.mp4,FAKE
txurtylnlv.mp4,FAKE
utngfmlhmp.mp4,FAKE
jtdwcnmhmz.mp4,FAKE
ahlilvgbjd.mp4,FAKE
ojuldyhkhv.mp4,FAKE
fjuuzlqhdb.mp4,FAKE
pqrqnzwzcv.mp4,FAKE
izvjrkbhia.mp4,FAKE
gfkyxnoyhy.mp4,FAKE
ltjtzdqllb.mp4,FAKE
ccxlvnbljr.mp4,FAKE
hnklecpcwf.mp4,FAKE
lfplotmega.mp4,FAKE
pbckyvtqyo.mp4,FAKE
cqhmucnpaf.mp4,FAKE
etuwxcszcm.mp4,FAKE
gbpvvooxhc.mp4,FAKE
zfvxcwwjpe.mp4,FAKE
dulqhllfov.mp4,FAKE
xeioxpwiag.mp4,FAKE
laynpnpmeo.mp4,FAKE
clkhxtnxgm.mp4,FAKE
ihbhxsccyx.mp4,FAKE
uogywxvrvt.mp4,FAKE
kwvaoojpkj.mp4,FAKE
mxautbfbyk.mp4,FAKE
pyzpnlvtuf.mp4,FAKE
pylmlpcdas.mp4,FAKE
pwskzytvbq.mp4,FAKE
qbljrttfbv.mp4,FAKE
qczbbylumq.mp4,FAKE
qdhdnmrgkf.mp4,FAKE
qazfxgpwoz.mp4,FAKE
qctfpvkjeq.mp4,FAKE
qcvaivxnpj.mp4,FAKE
qbvaqbiwvh.mp4,FAKE
qbwxbjhaep.mp4,FAKE
qdwoqilpwf.mp4,FAKE
qfautbisug.mp4,FAKE
qgzhxokbsj.mp4,FAKE
qhgnepyfkq.mp4,FAKE
qgqnqwysrv.mp4,FAKE
qhzmhuieou.mp4,FAKE
qegsyxifws.mp4,FAKE
qfvtnsaont.mp4,FAKE
qfeqrzvrgn.mp4,FAKE
qfogctlkvu.mp4,FAKE
qjekoykrbv.mp4,FAKE
qiphpqnxxz.mp4,FAKE
qjocrfbdrl.mp4,FAKE
qjgumuaoid.mp4,FAKE
qjxoxbqlce.mp4,FAKE
qjhddyiarc.mp4,FAKE
qikdhhjwlj.mp4,FAKE
qjizfcryuv.mp4,FAKE
qlrhhdeaju.mp4,FAKE
qkcxcecfnv.mp4,FAKE
qmdidlruuf.mp4,FAKE
qkdxbwzakm.mp4,FAKE
qkhgozcmia.mp4,FAKE
qmwdtgoill.mp4,FAKE
qkvgvoerxy.mp4,FAKE
qkdgqdbxcx.mp4,FAKE
qkqqynrayl.mp4,FAKE
qkysecoqyh.mp4,FAKE
qkpyisccpf.mp4,FAKE
qngowoldjd.mp4,FAKE
qnwjynmypb.mp4,FAKE
qnaqizzzdp.mp4,FAKE
qmwmsmevli.mp4,FAKE
qoggumwuoz.mp4,FAKE
qoggyloxol.mp4,FAKE
qpdoiljqwk.mp4,FAKE
qnwplgpjcg.mp4,FAKE
qokhivrdmq.mp4,FAKE
qpkznotaih.mp4,FAKE
qorlmhzzij.mp4,FAKE
qqhcdypoaf.mp4,FAKE
qrqmizsfdb.mp4,FAKE
qrncyqoibh.mp4,FAKE
qqycxjzfxj.mp4,FAKE
qpzkmyvonm.mp4,FAKE
qrwpqiwjhb.mp4,FAKE
qqeiegxafi.mp4,FAKE
qpxzuzaoan.mp4,FAKE
qvlodfkghb.mp4,FAKE
qtjgyuegif.mp4,FAKE
qsxvfbcfid.mp4,FAKE
qsjjrpctyh.mp4,FAKE
quptchgnqi.mp4,FAKE
qsgkzzuzyz.mp4,FAKE
qtbzcmqweb.mp4,FAKE
qwpxprweaw.mp4,FAKE
qyaorevpck.mp4,FAKE
qvvlvhylbn.mp4,FAKE
qwyvvojezq.mp4,FAKE
qwremnmzss.mp4,FAKE
qwaywadnxu.mp4,FAKE
qvrsttodxo.mp4,FAKE
qvrmtpcqrq.mp4,FAKE
qwcoqllmdr.mp4,FAKE
qvtokhjmvs.mp4,FAKE
ryxdxcyqtp.mp4,FAKE
rzcxccejjz.mp4,FAKE
rxhhbmjcfw.mp4,FAKE
ryableasrr.mp4,FAKE
rznegqdxlt.mp4,FAKE
rzjoanehpx.mp4,FAKE
ryelryovjj.mp4,FAKE
rxgtnfsxmu.mp4,FAKE
rzcsxcggve.mp4,FAKE
sbbjfmpftd.mp4,FAKE
sbgpnindik.mp4,FAKE
sbezvvicif.mp4,FAKE
sarrnaikil.mp4,FAKE
sbabkthnhs.mp4,FAKE
sanmxgeboz.mp4,FAKE
satgywkyru.mp4,FAKE
sabzeokkuk.mp4,FAKE
sbtpdydomw.mp4,FAKE
sdctyhncem.mp4,FAKE
sbkyzqjelt.mp4,FAKE
sdynnnnokh.mp4,FAKE
sbqdmipsai.mp4,FAKE
sdmsqtucqz.mp4,FAKE
sdjiaxmbwc.mp4,FAKE
sbxzscxyjh.mp4,FAKE
setizlpfza.mp4,FAKE
sepwbaktax.mp4,FAKE
sedkmbkqqy.mp4,FAKE
seixbdzkrw.mp4,FAKE
sefjxbskoj.mp4,FAKE
sgupdtowsm.mp4,FAKE
sfbvubzwvb.mp4,FAKE
sfgoaxwmwy.mp4,FAKE
sgnchximip.mp4,FAKE
sgkfkrbfho.mp4,FAKE
sgehmqxfjw.mp4,FAKE
sezrrmaceu.mp4,FAKE
sischkcthb.mp4,FAKE
shsyqwptsb.mp4,FAKE
sihqsouxym.mp4,FAKE
sjaiurvfip.mp4,FAKE
shfbdjuecv.mp4,FAKE
smtdgmffws.mp4,FAKE
snmylixxiu.mp4,FAKE
slfqpulzyl.mp4,FAKE
smzhsciwvu.mp4,FAKE
sjywwochbi.mp4,FAKE
sniatmheyt.mp4,FAKE
sljsmusjva.mp4,FAKE
skrzehxzuc.mp4,FAKE
sldfoldwfa.mp4,FAKE
soviruirve.mp4,FAKE
sntmobhnfe.mp4,FAKE
spiupokylx.mp4,FAKE
sogdryihob.mp4,FAKE
sooiqetuqg.mp4,FAKE
spnpqwmvdx.mp4,FAKE
sqbwiuyyia.mp4,FAKE
spxialcvtc.mp4,FAKE
spxxmyrfud.mp4,FAKE
sqragijyff.mp4,FAKE
sqxucdsdnx.mp4,FAKE
sqpfmkepff.mp4,FAKE
sqlsmxzjfd.mp4,FAKE
srqmozosdx.mp4,FAKE
sraekvrxks.mp4,FAKE
ssezvngwjh.mp4,FAKE
stlauqpnej.mp4,FAKE
stwsvtbegi.mp4,FAKE
stokwravll.mp4,FAKE
stwirivyvc.mp4,FAKE
sukxejbmto.mp4,FAKE
fegfqcpnlw.mp4,FAKE
fjqcdvkbjc.mp4,FAKE
fjmrwoczej.mp4,FAKE
fklditvesf.mp4,FAKE
fkbtgogfko.mp4,FAKE
fjiykmlwqs.mp4,FAKE
fjooquxwsa.mp4,FAKE
fjgqkvmlyn.mp4,FAKE
fjwcfziazx.mp4,FAKE
flfclkknni.mp4,FAKE
fmqkvssmuh.mp4,FAKE
fptorfkyuz.mp4,FAKE
fpvomrhkia.mp4,FAKE
fmtlgkmrfw.mp4,FAKE
fotzbujcxy.mp4,FAKE
fonoxshdww.mp4,FAKE
fppzwruckp.mp4,FAKE
fnpczerfna.mp4,FAKE
fpuaeblskk.mp4,FAKE
fpywvyvuut.mp4,FAKE
fripkdcelh.mp4,FAKE
fsfqcetyyb.mp4,FAKE
fqkagmnzxq.mp4,FAKE
fthxjhxzyl.mp4,FAKE
fslpatvxqx.mp4,FAKE
fsmvlxaapa.mp4,FAKE
fuldvqjnam.mp4,FAKE
fvhhdftwcf.mp4,FAKE
fvroouzbry.mp4,FAKE
fvockwqdri.mp4,FAKE
ftrmsaqods.mp4,FAKE
ftsarrwghx.mp4,FAKE
fvutcmepck.mp4,FAKE
fvczlbbhwk.mp4,FAKE
fwhnurlbyc.mp4,FAKE
fwiugdqrwq.mp4,FAKE
fxgelobnzq.mp4,FAKE
fxscbubgdi.mp4,FAKE
fyejbwqmtw.mp4,FAKE
fxzgjfujab.mp4,FAKE
fxpfpqmxcc.mp4,FAKE
fyfrdcccgk.mp4,FAKE
fzbinnlwkr.mp4,FAKE
fxxzsqsemk.mp4,FAKE
fzlsrdupas.mp4,FAKE
fyljdrthcq.mp4,FAKE
fyrrvnknol.mp4,FAKE
fyoxlzdchq.mp4,FAKE
fzgxhqhttq.mp4,FAKE
fzpdtqlchu.mp4,FAKE
gaokbdmmmx.mp4,FAKE
gborbywvto.mp4,FAKE
gbakewijef.mp4,FAKE
galgziizsu.mp4,FAKE
gauhhhgvlk.mp4,FAKE
gajyxyuikf.mp4,FAKE
gbeldfqhsa.mp4,FAKE
gbruxhoggj.mp4,FAKE
gcgnszddxg.mp4,FAKE
gccebfimda.mp4,FAKE
gczunjhxvv.mp4,FAKE
gdnzszmpjw.mp4,FAKE
gdnshovdhv.mp4,FAKE
gejdzyjezj.mp4,FAKE
gfajlcmxvi.mp4,FAKE
gfaiddlczr.mp4,FAKE
gglwyvfkjn.mp4,FAKE
gfxppzkkjz.mp4,FAKE
ggnyicrmrd.mp4,FAKE
ggjareyaqd.mp4,FAKE
ggqugxetdb.mp4,FAKE
ggedetbntc.mp4,FAKE
ghevcrdmyq.mp4,FAKE
gghjoyllyg.mp4,FAKE
gfoalmzxns.mp4,FAKE
gislefqaqw.mp4,FAKE
gimnmsjgtd.mp4,FAKE
gikvlbvbxp.mp4,FAKE
ghikdlhgxy.mp4,FAKE
ghiftcsrvp.mp4,FAKE
giychaqfyt.mp4,FAKE
gjwolfjlrj.mp4,FAKE
gjvgtyndzw.mp4,FAKE
gktdwopuvv.mp4,FAKE
gkuntfxqrr.mp4,FAKE
gklgmkleza.mp4,FAKE
gkgbyqkfys.mp4,FAKE
gjnuepqpjj.mp4,FAKE
gjywwmnvsu.mp4,FAKE
goqsvyoseh.mp4,FAKE
gnbfgbfqdw.mp4,FAKE
gnkjzkxbfs.mp4,FAKE
gnpiohcjho.mp4,FAKE
gnenhkljcl.mp4,FAKE
gltyysegqr.mp4,FAKE
gnlinjiobp.mp4,FAKE
gpeefwttrv.mp4,FAKE
gnldziwmer.mp4,FAKE
gsknqfbbvp.mp4,FAKE
gslnlehkyz.mp4,FAKE
gqzjxydnyo.mp4,FAKE
gstltcptwz.mp4,FAKE
grafmobcfm.mp4,FAKE
gsnhcgheoc.mp4,FAKE
gugzqhjpka.mp4,FAKE
gtgkunfyms.mp4,FAKE
gtsgruydpw.mp4,FAKE
gvtdhlwptd.mp4,FAKE
guqykzfgpo.mp4,FAKE
guwffsajwn.mp4,FAKE
gwaoipkunh.mp4,FAKE
gvprrsuzgh.mp4,FAKE
gztqmkbekw.mp4,FAKE
gzkcvmcnrq.mp4,FAKE
gzptoulkhi.mp4,FAKE
gywgtlnovu.mp4,FAKE
gxuyzvutwf.mp4,FAKE
gytbfpvkdv.mp4,FAKE
gwvzkmdwey.mp4,FAKE
haiijdlgqq.mp4,FAKE
gwuhkbddjd.mp4,FAKE
gylhgjymhf.mp4,FAKE
gzcqqabobe.mp4,FAKE
gznmaualbr.mp4,FAKE
hezwtipaij.mp4,FAKE
hbjihpazwq.mp4,FAKE
hcuvwubcnx.mp4,FAKE
hcivgterfv.mp4,FAKE
heeocelknr.mp4,FAKE
hbdvioqhoj.mp4,FAKE
hdlbxynbfx.mp4,FAKE
hgakqixokz.mp4,FAKE
hferdapvuh.mp4,FAKE
hgcevzagah.mp4,FAKE
hiyfjubisi.mp4,FAKE
hidyzcdexh.mp4,FAKE
hggxfpgfju.mp4,FAKE
hgcwjxxcle.mp4,FAKE
hirazyxbau.mp4,FAKE
hjaalijmbg.mp4,FAKE
higtamnayu.mp4,FAKE
hhreitayaa.mp4,FAKE
hgzdpnqzvb.mp4,FAKE
hhxxuyjfpl.mp4,FAKE
hmzkijkhtc.mp4,FAKE
id2_0009.mp4,REAL
id1_0004.mp4,REAL
id0_0003.mp4,REAL
id1_0001.mp4,REAL
id1_0000.mp4,REAL
id2_0005.mp4,REAL
id17_0006.mp4,REAL
id0_0002.mp4,REAL
id17_0003.mp4,REAL
id16_0013.mp4,REAL
id16_0012.mp4,REAL
id16_0011.mp4,REAL
id0_0001.mp4,REAL
id16_0006.mp4,REAL
id16_0005.mp4,REAL
id13_0009.mp4,REAL
id13_0001.mp4,REAL
id0_0000.mp4,REAL
id13_0000.mp4,REAL
id10_0008.mp4,REAL
id1_0007.mp4,REAL
id1_0006.mp4,REAL
id0_0006.mp4,REAL
id7_0005.mp4,REAL
id0_0005.mp4,REAL
id2_0004.mp4,REAL
id7_0002.mp4,REAL
id2_0003.mp4,REAL
id0_0004.mp4,REAL
id2_0001.mp4,REAL
id3_0000.mp4,REAL
id10_0002.mp4,REAL
id0_0009.mp4,REAL
id0_0008.mp4,REAL
id0_0007.mp4,REAL
id11_0000.mp4,REAL
id10_0009.mp4,REAL
id10_0007.mp4,REAL
id10_0006.mp4,REAL
id10_0005.mp4,REAL
id10_0004.mp4,REAL
id10_0003.mp4,REAL
id11_0006.mp4,REAL
id11_0005.mp4,REAL
id11_0004.mp4,REAL
id11_0003.mp4,REAL
id11_0002.mp4,REAL
id11_0001.mp4,REAL
id12_0002.mp4,REAL
id11_0008.mp4,REAL
id12_0001.mp4,REAL
id12_0000.mp4,REAL
id11_0010.mp4,REAL
id11_0009.mp4,REAL
id11_0007.mp4,REAL
id13_0005.mp4,REAL
id13_0004.mp4,REAL
id13_0003.mp4,REAL
id13_0002.mp4,REAL
id12_0006.mp4,REAL
id12_0005.mp4,REAL
id12_0004.mp4,REAL
id13_0015.mp4,REAL
id13_0014.mp4,REAL
id13_0012.mp4,REAL
id13_0011.mp4,REAL
id13_0008.mp4,REAL
id13_0007.mp4,REAL
id16_0009.mp4,REAL
id16_0007.mp4,REAL
id16_0004.mp4,REAL
id16_0003.mp4,REAL
id16_0002.mp4,REAL
id16_0001.mp4,REAL
id16_0000.mp4,REAL
id17_0009.mp4,REAL
id17_0007.mp4,REAL
id17_0005.mp4,REAL
id17_0004.mp4,REAL
id17_0002.mp4,REAL
id17_0001.mp4,REAL
id17_0000.mp4,REAL
id16_0010.mp4,REAL
id2_0006.mp4,REAL
id2_0002.mp4,REAL
id2_0000.mp4,REAL
id1_0009.mp4,REAL
id1_0005.mp4,REAL
id1_0003.mp4,REAL
id1_0002.mp4,REAL
id3_0004.mp4,REAL
id3_0003.mp4,REAL
id3_0002.mp4,REAL
id3_0001.mp4,REAL
id2_0008.mp4,REAL
id2_0007.mp4,REAL
id4_0001.mp4,REAL
id4_0000.mp4,REAL
id3_0009.mp4,REAL
id3_0008.mp4,REAL
id3_0007.mp4,REAL
id3_0006.mp4,REAL
id3_0005.mp4,REAL
id4_0008.mp4,REAL
id4_0007.mp4,REAL
id4_0006.mp4,REAL
id4_0005.mp4,REAL
id4_0004.mp4,REAL
id4_0003.mp4,REAL
id4_0002.mp4,REAL
id6_0004.mp4,REAL
id6_0003.mp4,REAL
id6_0002.mp4,REAL
id6_0001.mp4,REAL
id6_0000.mp4,REAL
id4_0009.mp4,REAL
id7_0001.mp4,REAL
id7_0000.mp4,REAL
id6_0009.mp4,REAL
id6_0008.mp4,REAL
id6_0007.mp4,REAL
id6_0006.mp4,REAL
id6_0005.mp4,REAL
id8_0002.mp4,REAL
id7_0009.mp4,REAL
id7_0007.mp4,REAL
id7_0006.mp4,REAL
id7_0004.mp4,REAL
id7_0003.mp4,REAL
id9_0002.mp4,REAL
id9_0001.mp4,REAL
id9_0000.mp4,REAL
id8_0008.mp4,REAL
id8_0007.mp4,REAL
id8_0003.mp4,REAL
id9_0009.mp4,REAL
id9_0008.mp4,REAL
id9_0007.mp4,REAL
id9_0006.mp4,REAL
id9_0005.mp4,REAL
id9_0004.mp4,REAL
id9_0003.mp4,REAL
id10_0000.mp4,REAL
id16_0008.mp4,REAL
id13_0013.mp4,REAL
id12_0003.mp4,REAL
id13_0006.mp4,REAL
id13_0010.mp4,REAL
id17_0008.mp4,REAL
id1_0008.mp4,REAL
id8_0004.mp4,REAL
id8_0005.mp4,REAL
id8_0001.mp4,REAL
id8_0009.mp4,REAL
id8_0006.mp4,REAL
id8_0000.mp4,REAL
id7_0008.mp4,REAL
id0_id17_0002.mp4,FAKE
id0_id1_0000.mp4,FAKE
id0_id16_0001.mp4,FAKE
id0_id16_0009.mp4,FAKE
id0_id6_0006.mp4,FAKE
id0_id3_0004.mp4,FAKE
id0_id4_0005.mp4,FAKE
id0_id2_0003.mp4,FAKE
id0_id9_0007.mp4,FAKE
id0_id9_0008.mp4,FAKE
id1_id16_0005.mp4,FAKE
id1_id0_0007.mp4,FAKE
id1_id4_0000.mp4,FAKE
id13_id10_0011.mp4,FAKE
id11_id7_0004.mp4,FAKE
id12_id7_0005.mp4,FAKE
id13_id10_0005.mp4,FAKE
id16_id0_0011.mp4,FAKE
id13_id10_0000.mp4,FAKE
id12_id7_0002.mp4,FAKE
id10_id11_0002.mp4,FAKE
id1_id2_0002.mp4,FAKE
id10_id7_0004.mp4,FAKE
id12_id10_0004.mp4,FAKE
id11_id7_0009.mp4,FAKE
id13_id10_0007.mp4,FAKE
id10_id12_0003.mp4,FAKE
id11_id7_0005.mp4,FAKE
id11_id7_0000.mp4,FAKE
id11_id7_0003.mp4,FAKE
id1_id17_0006.mp4,FAKE
id10_id12_0006.mp4,FAKE
id13_id7_0008.mp4,FAKE
id10_id7_0009.mp4,FAKE
id16_id0_0006.mp4,FAKE
id1_id9_0009.mp4,FAKE
id13_id7_0012.mp4,FAKE
id10_id13_0008.mp4,FAKE
id12_id10_0001.mp4,FAKE
id11_id7_0008.mp4,FAKE
id13_id7_0001.mp4,FAKE
id1_id6_0001.mp4,FAKE
id13_id7_0002.mp4,FAKE
id11_id7_0002.mp4,FAKE
id12_id10_0006.mp4,FAKE
id13_id7_0004.mp4,FAKE
id10_id11_0007.mp4,FAKE
id1_id4_0003.mp4,FAKE
id12_id7_0000.mp4,FAKE
id13_id10_0003.mp4,FAKE
id1_id3_0004.mp4,FAKE
id11_id7_0006.mp4,FAKE
id11_id7_0001.mp4,FAKE
id11_id7_0010.mp4,FAKE
id10_id13_0005.mp4,FAKE
id13_id7_0009.mp4,FAKE
id13_id7_0015.mp4,FAKE
id13_id10_0014.mp4,FAKE
id11_id7_0007.mp4,FAKE
id16_id3_0010.mp4,FAKE
id16_id6_0005.mp4,FAKE
id3_id9_0009.mp4,FAKE
id16_id9_0001.mp4,FAKE
id4_id0_0008.mp4,FAKE
id3_id1_0001.mp4,FAKE
id2_id0_0008.mp4,FAKE
id16_id6_0013.mp4,FAKE
id2_id9_0000.mp4,FAKE
id16_id3_0004.mp4,FAKE
id2_id1_0009.mp4,FAKE
id3_id4_0006.mp4,FAKE
id2_id6_0001.mp4,FAKE
id3_id17_0002.mp4,FAKE
id16_id1_0000.mp4,FAKE
id17_id9_0006.mp4,FAKE
id3_id16_0000.mp4,FAKE
id17_id6_0009.mp4,FAKE
id3_id2_0003.mp4,FAKE
id16_id9_0009.mp4,FAKE
id3_id0_0004.mp4,FAKE
id17_id0_0000.mp4,FAKE
id17_id3_0004.mp4,FAKE
id17_id2_0003.mp4,FAKE
id16_id1_0012.mp4,FAKE
id2_id0_0007.mp4,FAKE
id17_id16_0002.mp4,FAKE
id2_id1_0006.mp4,FAKE
id4_id0_0004.mp4,FAKE
id2_id16_0005.mp4,FAKE
id17_id6_0005.mp4,FAKE
id17_id0_0007.mp4,FAKE
id17_id1_0001.mp4,FAKE
id3_id6_0005.mp4,FAKE
id3_id9_0007.mp4,FAKE
id3_id1_0008.mp4,FAKE
id16_id2_0003.mp4,FAKE
id2_id3_0003.mp4,FAKE
id16_id17_0002.mp4,FAKE
id16_id3_0007.mp4,FAKE
id2_id4_0002.mp4,FAKE
id2_id17_0004.mp4,FAKE
id7_id13_0001.mp4,FAKE
id4_id2_0000.mp4,FAKE
id4_id6_0001.mp4,FAKE
id8_id9_0008.mp4,FAKE
id4_id6_0006.mp4,FAKE
id9_id3_0001.mp4,FAKE
id7_id11_0000.mp4,FAKE
id6_id3_0007.mp4,FAKE
id7_id10_0009.mp4,FAKE
id6_id9_0002.mp4,FAKE
id9_id1_0005.mp4,FAKE
id9_id17_0000.mp4,FAKE
id8_id4_0007.mp4,FAKE
id7_id13_0006.mp4,FAKE
id6_id0_0006.mp4,FAKE
id4_id9_0007.mp4,FAKE
id7_id12_0002.mp4,FAKE
id4_id3_0003.mp4,FAKE
id6_id2_0004.mp4,FAKE
id6_id17_0001.mp4,FAKE
id7_id10_0003.mp4,FAKE
id9_id4_0002.mp4,FAKE
id6_id16_0008.mp4,FAKE
id9_id3_0009.mp4,FAKE
id4_id2_0009.mp4,FAKE
id4_id1_0005.mp4,FAKE
id7_id10_0005.mp4,FAKE
id6_id9_0009.mp4,FAKE
id7_id12_0007.mp4,FAKE
id8_id6_0002.mp4,FAKE
id9_id16_0006.mp4,FAKE
id8_id3_0003.mp4,FAKE
id6_id1_0005.mp4,FAKE
id6_id16_0000.mp4,FAKE
id9_id0_0003.mp4,FAKE
id7_id11_0004.mp4,FAKE
id4_id9_0002.mp4,FAKE
id9_id2_0008.mp4,FAKE
id6_id3_0003.mp4,FAKE
id9_id6_0004.mp4,FAKE
id9_id6_0007.mp4,FAKE
id0_id17_0003.mp4,FAKE
id0_id16_0007.mp4,FAKE
id0_id1_0001.mp4,FAKE
id0_id17_0006.mp4,FAKE
id0_id1_0005.mp4,FAKE
id0_id1_0006.mp4,FAKE
id0_id16_0005.mp4,FAKE
id0_id1_0003.mp4,FAKE
id0_id16_0000.mp4,FAKE
id0_id17_0009.mp4,FAKE
id0_id16_0002.mp4,FAKE
id0_id16_0008.mp4,FAKE
id0_id17_0005.mp4,FAKE
id0_id16_0004.mp4,FAKE
id0_id16_0006.mp4,FAKE
id0_id17_0001.mp4,FAKE
id0_id17_0007.mp4,FAKE
id0_id16_0003.mp4,FAKE
id0_id17_0000.mp4,FAKE
id0_id1_0002.mp4,FAKE
id0_id3_0005.mp4,FAKE
id0_id3_0006.mp4,FAKE
id0_id2_0005.mp4,FAKE
id0_id2_0008.mp4,FAKE
id0_id1_0009.mp4,FAKE
id0_id4_0001.mp4,FAKE
id0_id2_0002.mp4,FAKE
id0_id2_0000.mp4,FAKE
id0_id3_0002.mp4,FAKE
id0_id2_0001.mp4,FAKE
id0_id2_0007.mp4,FAKE
id0_id3_0008.mp4,FAKE
id0_id4_0000.mp4,FAKE
id0_id3_0009.mp4,FAKE
id0_id2_0004.mp4,FAKE
id0_id1_0007.mp4,FAKE
id0_id3_0007.mp4,FAKE
id0_id3_0000.mp4,FAKE
id0_id2_0009.mp4,FAKE
id0_id2_0006.mp4,FAKE
id0_id3_0001.mp4,FAKE
id0_id3_0003.mp4,FAKE
id0_id9_0009.mp4,FAKE
id0_id9_0006.mp4,FAKE
id0_id4_0002.mp4,FAKE
id10_id11_0004.mp4,FAKE
id0_id6_0001.mp4,FAKE
id10_id11_0008.mp4,FAKE
id0_id6_0002.mp4,FAKE
id0_id9_0003.mp4,FAKE
id0_id9_0005.mp4,FAKE
id0_id4_0004.mp4,FAKE
id0_id4_0003.mp4,FAKE
id0_id6_0007.mp4,FAKE
id0_id4_0006.mp4,FAKE
id10_id11_0006.mp4,FAKE
id10_id11_0003.mp4,FAKE
id10_id11_0005.mp4,FAKE
id0_id6_0000.mp4,FAKE
id0_id9_0000.mp4,FAKE
id0_id9_0001.mp4,FAKE
id0_id4_0009.mp4,FAKE
id0_id9_0002.mp4,FAKE
id0_id6_0009.mp4,FAKE
id10_id13_0004.mp4,FAKE
id10_id12_0005.mp4,FAKE
id10_id12_0002.mp4,FAKE
id10_id7_0005.mp4,FAKE
id10_id12_0004.mp4,FAKE
id10_id7_0002.mp4,FAKE
id10_id12_0008.mp4,FAKE
id10_id7_0003.mp4,FAKE
id10_id13_0003.mp4,FAKE
id10_id7_0007.mp4,FAKE
id10_id13_0002.mp4,FAKE
id10_id7_0006.mp4,FAKE
id10_id13_0007.mp4,FAKE
id10_id7_0008.mp4,FAKE
id10_id12_0007.mp4,FAKE
id10_id13_0006.mp4,FAKE
id12_id7_0004.mp4,FAKE
id13_id10_0008.mp4,FAKE
id12_id7_0006.mp4,FAKE
id13_id10_0015.mp4,FAKE
id12_id7_0001.mp4,FAKE
id13_id10_0004.mp4,FAKE
id12_id10_0005.mp4,FAKE
id13_id7_0000.mp4,FAKE
id12_id10_0002.mp4,FAKE
id13_id10_0001.mp4,FAKE
id13_id10_0012.mp4,FAKE
id16_id17_0004.mp4,FAKE
id16_id0_0001.mp4,FAKE
id16_id17_0013.mp4,FAKE
id16_id0_0013.mp4,FAKE
id16_id0_0009.mp4,FAKE
id16_id0_0007.mp4,FAKE
id13_id7_0005.mp4,FAKE
id16_id17_0007.mp4,FAKE
id13_id7_0003.mp4,FAKE
id16_id17_0001.mp4,FAKE
id13_id7_0011.mp4,FAKE
id16_id17_0006.mp4,FAKE
id16_id0_0004.mp4,FAKE
id16_id0_0005.mp4,FAKE
id16_id17_0011.mp4,FAKE
id16_id17_0005.mp4,FAKE
id16_id0_0012.mp4,FAKE
id16_id17_0010.mp4,FAKE
id16_id17_0003.mp4,FAKE
id13_id7_0007.mp4,FAKE
id16_id17_0012.mp4,FAKE
id16_id0_0010.mp4,FAKE
id16_id0_0003.mp4,FAKE
id16_id17_0000.mp4,FAKE
id16_id0_0000.mp4,FAKE
id16_id17_0009.mp4,FAKE
id16_id0_0002.mp4,FAKE
id16_id3_0003.mp4,FAKE
id16_id1_0010.mp4,FAKE
id16_id2_0010.mp4,FAKE
id16_id1_0001.mp4,FAKE
id16_id3_0002.mp4,FAKE
id16_id2_0011.mp4,FAKE
id16_id2_0004.mp4,FAKE
id16_id1_0002.mp4,FAKE
id16_id2_0001.mp4,FAKE
id16_id1_0003.mp4,FAKE
id16_id2_0000.mp4,FAKE
id16_id1_0009.mp4,FAKE
id16_id1_0006.mp4,FAKE
id16_id1_0005.mp4,FAKE
id16_id2_0012.mp4,FAKE
id16_id2_0002.mp4,FAKE
id16_id1_0007.mp4,FAKE
id16_id2_0013.mp4,FAKE
id16_id2_0006.mp4,FAKE
id16_id1_0004.mp4,FAKE
id16_id2_0009.mp4,FAKE
id16_id3_0005.mp4,FAKE
id16_id3_0006.mp4,FAKE
id16_id2_0005.mp4,FAKE
id16_id3_0009.mp4,FAKE
id16_id3_0001.mp4,FAKE
id16_id2_0007.mp4,FAKE
id16_id1_0011.mp4,FAKE
id16_id1_0013.mp4,FAKE
id16_id3_0000.mp4,FAKE
id16_id6_0009.mp4,FAKE
id16_id6_0000.mp4,FAKE
id16_id3_0012.mp4,FAKE
id16_id6_0004.mp4,FAKE
id16_id9_0006.mp4,FAKE
id16_id9_0011.mp4,FAKE
id16_id6_0001.mp4,FAKE
id16_id6_0006.mp4,FAKE
id17_id0_0002.mp4,FAKE
id17_id0_0001.mp4,FAKE
id16_id6_0012.mp4,FAKE
id17_id0_0004.mp4,FAKE
id16_id6_0003.mp4,FAKE
id16_id9_0013.mp4,FAKE
id16_id3_0011.mp4,FAKE
id16_id6_0002.mp4,FAKE
id16_id9_0005.mp4,FAKE
id17_id0_0003.mp4,FAKE
id16_id6_0007.mp4,FAKE
id16_id9_0012.mp4,FAKE
id16_id9_0007.mp4,FAKE
id16_id9_0002.mp4,FAKE
id16_id9_0000.mp4,FAKE
id16_id9_0010.mp4,FAKE
id16_id9_0003.mp4,FAKE
id16_id9_0004.mp4,FAKE
id16_id6_0010.mp4,FAKE
id16_id6_0011.mp4,FAKE
id16_id3_0013.mp4,FAKE
id17_id1_0004.mp4,FAKE
id17_id3_0000.mp4,FAKE
id17_id1_0007.mp4,FAKE
id17_id2_0006.mp4,FAKE
id17_id1_0003.mp4,FAKE
id17_id1_0006.mp4,FAKE
id17_id16_0005.mp4,FAKE
id17_id2_0001.mp4,FAKE
id17_id3_0001.mp4,FAKE
id17_id16_0001.mp4,FAKE
id17_id1_0002.mp4,FAKE
id17_id16_0003.mp4,FAKE
id17_id3_0003.mp4,FAKE
id17_id1_0000.mp4,FAKE
id17_id2_0004.mp4,FAKE
id17_id16_0009.mp4,FAKE
id17_id2_0009.mp4,FAKE
id17_id16_0007.mp4,FAKE
id17_id0_0006.mp4,FAKE
id17_id0_0005.mp4,FAKE
id17_id0_0009.mp4,FAKE
id17_id2_0000.mp4,FAKE
id17_id2_0002.mp4,FAKE
id17_id16_0004.mp4,FAKE
id17_id1_0009.mp4,FAKE
id17_id16_0006.mp4,FAKE
id17_id2_0005.mp4,FAKE
id17_id1_0005.mp4,FAKE
id17_id3_0002.mp4,FAKE
id17_id16_0000.mp4,FAKE
id17_id2_0007.mp4,FAKE
id17_id9_0002.mp4,FAKE
id1_id16_0002.mp4,FAKE
id17_id3_0009.mp4,FAKE
id1_id16_0007.mp4,FAKE
id1_id0_0002.mp4,FAKE
id1_id0_0006.mp4,FAKE
id17_id3_0006.mp4,FAKE
id17_id9_0003.mp4,FAKE
id17_id3_0005.mp4,FAKE
id17_id6_0003.mp4,FAKE
id17_id6_0002.mp4,FAKE
id17_id9_0007.mp4,FAKE
id1_id16_0000.mp4,FAKE
id17_id9_0005.mp4,FAKE
id1_id16_0006.mp4,FAKE
id17_id9_0000.mp4,FAKE
id1_id16_0004.mp4,FAKE
id17_id6_0001.mp4,FAKE
id1_id16_0001.mp4,FAKE
id17_id6_0007.mp4,FAKE
id1_id16_0003.mp4,FAKE
id17_id6_0000.mp4,FAKE
id17_id6_0004.mp4,FAKE
id17_id9_0004.mp4,FAKE
id1_id0_0005.mp4,FAKE
id1_id0_0001.mp4,FAKE
id17_id9_0001.mp4,FAKE
id1_id0_0004.mp4,FAKE
id17_id3_0007.mp4,FAKE
id1_id0_0003.mp4,FAKE
id17_id9_0009.mp4,FAKE
id1_id0_0000.mp4,FAKE
id1_id0_0009.mp4,FAKE
id17_id6_0006.mp4,FAKE
id1_id3_0000.mp4,FAKE
id1_id2_0004.mp4,FAKE
id1_id2_0007.mp4,FAKE
id1_id4_0005.mp4,FAKE
id1_id4_0009.mp4,FAKE
id1_id17_0002.mp4,FAKE
id1_id3_0001.mp4,FAKE
id1_id17_0009.mp4,FAKE
id1_id17_0004.mp4,FAKE
id1_id3_0007.mp4,FAKE
id1_id2_0001.mp4,FAKE
id1_id4_0002.mp4,FAKE
id1_id17_0005.mp4,FAKE
id1_id17_0000.mp4,FAKE
id1_id4_0006.mp4,FAKE
id1_id17_0001.mp4,FAKE
id1_id3_0005.mp4,FAKE
id1_id6_0000.mp4,FAKE
id1_id17_0003.mp4,FAKE
id1_id3_0002.mp4,FAKE
id1_id3_0006.mp4,FAKE
id1_id2_0000.mp4,FAKE
id1_id4_0004.mp4,FAKE
id1_id4_0001.mp4,FAKE
id1_id2_0009.mp4,FAKE
id1_id16_0009.mp4,FAKE
id1_id3_0003.mp4,FAKE
id1_id2_0006.mp4,FAKE
id1_id2_0003.mp4,FAKE
id1_id3_0009.mp4,FAKE
id1_id4_0007.mp4,FAKE
id1_id2_0005.mp4,FAKE
id1_id17_0007.mp4,FAKE
id2_id16_0004.mp4,FAKE
id2_id16_0000.mp4,FAKE
id2_id0_0006.mp4,FAKE
id1_id6_0002.mp4,FAKE
id2_id16_0002.mp4,FAKE
id1_id6_0004.mp4,FAKE
id1_id9_0002.mp4,FAKE
id2_id16_0006.mp4,FAKE
id1_id9_0001.mp4,FAKE
id1_id9_0007.mp4,FAKE
id2_id0_0009.mp4,FAKE
id1_id9_0000.mp4,FAKE
id1_id9_0005.mp4,FAKE
id2_id0_0002.mp4,FAKE
id2_id0_0005.mp4,FAKE
id2_id16_0003.mp4,FAKE
id1_id6_0005.mp4,FAKE
id2_id0_0004.mp4,FAKE
id1_id6_0007.mp4,FAKE
id1_id9_0004.mp4,FAKE
id2_id16_0007.mp4,FAKE
id1_id9_0003.mp4,FAKE
id2_id0_0000.mp4,FAKE
id1_id6_0003.mp4,FAKE
id1_id6_0006.mp4,FAKE
id1_id9_0006.mp4,FAKE
id2_id0_0001.mp4,FAKE
id2_id0_0003.mp4,FAKE
id1_id6_0009.mp4,FAKE
id2_id16_0001.mp4,FAKE
id2_id1_0002.mp4,FAKE
id2_id1_0004.mp4,FAKE
id2_id17_0008.mp4,FAKE
id2_id16_0008.mp4,FAKE
id2_id1_0003.mp4,FAKE
id2_id17_0000.mp4,FAKE
id2_id16_0009.mp4,FAKE
id2_id17_0003.mp4,FAKE
id2_id17_0009.mp4,FAKE
id2_id3_0005.mp4,FAKE
id2_id1_0001.mp4,FAKE
id2_id3_0002.mp4,FAKE
id2_id17_0007.mp4,FAKE
id2_id17_0006.mp4,FAKE
id2_id17_0001.mp4,FAKE
id2_id3_0001.mp4,FAKE
id2_id1_0008.mp4,FAKE
id2_id1_0007.mp4,FAKE
id2_id1_0005.mp4,FAKE
id2_id3_0006.mp4,FAKE
id2_id3_0004.mp4,FAKE
id2_id17_0002.mp4,FAKE
id2_id3_0000.mp4,FAKE
id2_id17_0005.mp4,FAKE
id2_id1_0000.mp4,FAKE
id2_id3_0007.mp4,FAKE
id2_id4_0009.mp4,FAKE
id2_id4_0001.mp4,FAKE
id2_id9_0006.mp4,FAKE
id2_id9_0009.mp4,FAKE
id2_id6_0005.mp4,FAKE
id2_id6_0003.mp4,FAKE
id2_id9_0003.mp4,FAKE
id2_id6_0004.mp4,FAKE
id3_id0_0002.mp4,FAKE
id2_id6_0008.mp4,FAKE
id2_id3_0009.mp4,FAKE
id2_id9_0005.mp4,FAKE
id2_id4_0008.mp4,FAKE
id2_id4_0000.mp4,FAKE
id2_id6_0007.mp4,FAKE
id3_id0_0000.mp4,FAKE
id2_id9_0007.mp4,FAKE
id2_id9_0008.mp4,FAKE
id2_id6_0006.mp4,FAKE
id2_id6_0009.mp4,FAKE
id2_id4_0006.mp4,FAKE
id2_id9_0001.mp4,FAKE
id2_id4_0007.mp4,FAKE
id2_id6_0002.mp4,FAKE
id2_id3_0008.mp4,FAKE
id2_id9_0004.mp4,FAKE
id2_id4_0003.mp4,FAKE
id2_id9_0002.mp4,FAKE
id3_id0_0001.mp4,FAKE
id3_id0_0009.mp4,FAKE
id3_id17_0008.mp4,FAKE
id3_id1_0007.mp4,FAKE
id3_id16_0004.mp4,FAKE
id3_id1_0002.mp4,FAKE
id3_id1_0004.mp4,FAKE
id3_id17_0003.mp4,FAKE
id3_id16_0003.mp4,FAKE
id3_id17_0007.mp4,FAKE
id3_id17_0006.mp4,FAKE
id3_id16_0005.mp4,FAKE
id3_id0_0003.mp4,FAKE
id3_id0_0007.mp4,FAKE
id3_id17_0000.mp4,FAKE
id3_id17_0001.mp4,FAKE
id3_id16_0002.mp4,FAKE
id3_id1_0005.mp4,FAKE
id3_id17_0004.mp4,FAKE
id3_id16_0009.mp4,FAKE
id3_id0_0005.mp4,FAKE
id3_id1_0006.mp4,FAKE
id3_id1_0003.mp4,FAKE
id3_id17_0005.mp4,FAKE
id3_id0_0006.mp4,FAKE
id3_id0_0008.mp4,FAKE
id3_id16_0001.mp4,FAKE
id3_id16_0008.mp4,FAKE
id3_id1_0009.mp4,FAKE
id3_id17_0009.mp4,FAKE
id3_id16_0006.mp4,FAKE
id3_id2_0000.mp4,FAKE
id3_id6_0003.mp4,FAKE
id3_id6_0006.mp4,FAKE
id3_id2_0009.mp4,FAKE
id3_id6_0004.mp4,FAKE
id3_id2_0001.mp4,FAKE
id3_id4_0001.mp4,FAKE
id3_id9_0004.mp4,FAKE
id3_id9_0000.mp4,FAKE
id3_id9_0001.mp4,FAKE
id3_id2_0004.mp4,FAKE
id3_id4_0003.mp4,FAKE
id3_id6_0000.mp4,FAKE
id3_id2_0005.mp4,FAKE
id3_id9_0002.mp4,FAKE
id3_id6_0007.mp4,FAKE
id3_id2_0002.mp4,FAKE
id3_id6_0001.mp4,FAKE
id3_id9_0005.mp4,FAKE
id3_id2_0006.mp4,FAKE
id3_id4_0008.mp4,FAKE
id3_id9_0003.mp4,FAKE
id3_id2_0007.mp4,FAKE
id3_id6_0008.mp4,FAKE
id3_id9_0006.mp4,FAKE
id3_id6_0009.mp4,FAKE
id3_id2_0008.mp4,FAKE
id3_id6_0002.mp4,FAKE
id3_id4_0004.mp4,FAKE
id3_id4_0005.mp4,FAKE
id4_id1_0004.mp4,FAKE
id4_id1_0000.mp4,FAKE
id4_id0_0007.mp4,FAKE
id4_id0_0003.mp4,FAKE
id4_id0_0000.mp4,FAKE
id4_id2_0002.mp4,FAKE
id4_id1_0003.mp4,FAKE
id4_id2_0005.mp4,FAKE
id4_id1_0002.mp4,FAKE
id4_id1_0001.mp4,FAKE
id4_id2_0007.mp4,FAKE
id4_id2_0001.mp4,FAKE
id4_id0_0005.mp4,FAKE
id4_id0_0002.mp4,FAKE
id4_id1_0008.mp4,FAKE
id4_id1_0007.mp4,FAKE
id4_id2_0004.mp4,FAKE
id4_id2_0006.mp4,FAKE
id4_id2_0003.mp4,FAKE
id4_id2_0008.mp4,FAKE
id4_id0_0006.mp4,FAKE
id4_id0_0009.mp4,FAKE
id4_id1_0009.mp4,FAKE
id4_id0_0001.mp4,FAKE
id3_id9_0008.mp4,FAKE
id4_id1_0006.mp4,FAKE
id4_id6_0009.mp4,FAKE
id4_id3_0000.mp4,FAKE
id4_id3_0009.mp4,FAKE
id4_id9_0001.mp4,FAKE
id4_id6_0005.mp4,FAKE
id4_id6_0004.mp4,FAKE
id4_id3_0006.mp4,FAKE
id4_id9_0000.mp4,FAKE
id4_id3_0007.mp4,FAKE
id4_id9_0003.mp4,FAKE
id4_id6_0007.mp4,FAKE
id4_id3_0001.mp4,FAKE
id4_id6_0008.mp4,FAKE
id4_id6_0000.mp4,FAKE
id4_id3_0005.mp4,FAKE
id4_id3_0002.mp4,FAKE
id4_id3_0008.mp4,FAKE
id4_id6_0002.mp4,FAKE
id4_id6_0003.mp4,FAKE
id4_id3_0004.mp4,FAKE
id6_id16_0007.mp4,FAKE
id6_id0_0001.mp4,FAKE
id4_id9_0005.mp4,FAKE
id6_id16_0003.mp4,FAKE
id6_id0_0004.mp4,FAKE
id6_id0_0002.mp4,FAKE
id4_id9_0008.mp4,FAKE
id4_id9_0006.mp4,FAKE
id6_id16_0004.mp4,FAKE
id6_id0_0008.mp4,FAKE
id6_id16_0005.mp4,FAKE
id6_id0_0009.mp4,FAKE
id6_id0_0007.mp4,FAKE
id4_id9_0004.mp4,FAKE
id6_id16_0006.mp4,FAKE
id6_id16_0009.mp4,FAKE
id6_id16_0001.mp4,FAKE
id6_id16_0002.mp4,FAKE
id6_id0_0003.mp4,FAKE
id6_id0_0000.mp4,FAKE
id6_id0_0005.mp4,FAKE
id6_id2_0005.mp4,FAKE
id6_id1_0007.mp4,FAKE
id6_id17_0008.mp4,FAKE
id6_id1_0006.mp4,FAKE
id6_id17_0009.mp4,FAKE
id6_id17_0006.mp4,FAKE
id6_id17_0003.mp4,FAKE
id6_id17_0004.mp4,FAKE
id6_id1_0008.mp4,FAKE
id6_id2_0000.mp4,FAKE
id6_id2_0003.mp4,FAKE
id6_id1_0003.mp4,FAKE
id6_id1_0009.mp4,FAKE
id6_id17_0005.mp4,FAKE
id6_id2_0001.mp4,FAKE
id6_id17_0000.mp4,FAKE
id6_id1_0000.mp4,FAKE
id6_id2_0002.mp4,FAKE
id6_id1_0002.mp4,FAKE
id6_id1_0004.mp4,FAKE
id6_id17_0007.mp4,FAKE
id6_id17_0002.mp4,FAKE
id6_id1_0001.mp4,FAKE
id6_id9_0001.mp4,FAKE
id6_id9_0000.mp4,FAKE
id6_id2_0009.mp4,FAKE
id6_id3_0004.mp4,FAKE
id6_id4_0009.mp4,FAKE
id6_id4_0006.mp4,FAKE
id6_id3_0005.mp4,FAKE
id6_id3_0006.mp4,FAKE
id6_id3_0000.mp4,FAKE
id6_id2_0007.mp4,FAKE
id6_id4_0004.mp4,FAKE
id6_id4_0001.mp4,FAKE
id6_id3_0001.mp4,FAKE
id6_id9_0004.mp4,FAKE
id6_id4_0007.mp4,FAKE
id6_id3_0002.mp4,FAKE
id6_id2_0008.mp4,FAKE
id6_id4_0005.mp4,FAKE
id6_id4_0008.mp4,FAKE
id6_id3_0009.mp4,FAKE
id6_id9_0003.mp4,FAKE
id6_id3_0008.mp4,FAKE
id6_id2_0006.mp4,FAKE
id7_id10_0002.mp4,FAKE
id7_id10_0001.mp4,FAKE
id6_id9_0006.mp4,FAKE
id6_id9_0007.mp4,FAKE
id7_id10_0004.mp4,FAKE
id6_id9_0005.mp4,FAKE
id6_id9_0008.mp4,FAKE
id7_id10_0007.mp4,FAKE
id7_id12_0009.mp4,FAKE
id7_id13_0005.mp4,FAKE
id7_id13_0009.mp4,FAKE
id8_id0_0002.mp4,FAKE
id8_id0_0007.mp4,FAKE
id7_id13_0007.mp4,FAKE
id8_id1_0003.mp4,FAKE
id8_id0_0008.mp4,FAKE
id7_id12_0000.mp4,FAKE
id7_id11_0002.mp4,FAKE
id8_id1_0007.mp4,FAKE
id7_id11_0009.mp4,FAKE
id7_id11_0006.mp4,FAKE
id7_id13_0002.mp4,FAKE
id8_id0_0003.mp4,FAKE
id7_id12_0005.mp4,FAKE
id7_id12_0004.mp4,FAKE
id7_id11_0001.mp4,FAKE
id7_id13_0000.mp4,FAKE
id8_id1_0002.mp4,FAKE
id7_id11_0005.mp4,FAKE
id7_id11_0007.mp4,FAKE
id7_id13_0004.mp4,FAKE
id8_id3_0008.mp4,FAKE
id8_id6_0003.mp4,FAKE
id8_id5_0002.mp4,FAKE
id8_id5_0008.mp4,FAKE
id8_id6_0007.mp4,FAKE
id8_id1_0008.mp4,FAKE
id8_id2_0003.mp4,FAKE
id8_id3_0002.mp4,FAKE
id8_id7_0002.mp4,FAKE
id8_id6_0008.mp4,FAKE
id8_id5_0007.mp4,FAKE
id8_id7_0007.mp4,FAKE
id8_id5_0003.mp4,FAKE
id8_id2_0002.mp4,FAKE
id8_id2_0007.mp4,FAKE
id8_id7_0003.mp4,FAKE
id8_id3_0007.mp4,FAKE
id8_id2_0008.mp4,FAKE
id9_id0_0000.mp4,FAKE
id9_id0_0006.mp4,FAKE
id8_id9_0007.mp4,FAKE
id9_id0_0001.mp4,FAKE
id8_id9_0002.mp4,FAKE
id9_id0_0005.mp4,FAKE
id8_id9_0003.mp4,FAKE
id9_id0_0004.mp4,FAKE
id8_id7_0008.mp4,FAKE
id9_id17_0009.mp4,FAKE
id9_id17_0005.mp4,FAKE
id9_id16_0004.mp4,FAKE
id9_id16_0009.mp4,FAKE
id9_id17_0006.mp4,FAKE
id9_id0_0008.mp4,FAKE
id9_id0_0007.mp4,FAKE
id9_id16_0002.mp4,FAKE
id9_id16_0001.mp4,FAKE
id9_id16_0003.mp4,FAKE
id9_id1_0000.mp4,FAKE
id9_id16_0008.mp4,FAKE
id9_id1_0001.mp4,FAKE
id9_id1_0002.mp4,FAKE
id9_id16_0000.mp4,FAKE
id9_id17_0003.mp4,FAKE
id9_id0_0009.mp4,FAKE
id9_id17_0008.mp4,FAKE
id9_id17_0001.mp4,FAKE
id9_id17_0004.mp4,FAKE
id9_id16_0005.mp4,FAKE
id9_id1_0004.mp4,FAKE
id9_id17_0002.mp4,FAKE
id9_id17_0007.mp4,FAKE
id9_id16_0007.mp4,FAKE
id9_id3_0000.mp4,FAKE
id9_id4_0006.mp4,FAKE
id9_id3_0007.mp4,FAKE
id9_id4_0000.mp4,FAKE
id9_id2_0002.mp4,FAKE
id9_id2_0006.mp4,FAKE
id9_id4_0001.mp4,FAKE
id9_id2_0004.mp4,FAKE
id9_id1_0006.mp4,FAKE
id9_id2_0005.mp4,FAKE
id9_id2_0000.mp4,FAKE
id9_id2_0007.mp4,FAKE
id9_id1_0008.mp4,FAKE
id9_id2_0009.mp4,FAKE
id9_id3_0004.mp4,FAKE
id9_id3_0002.mp4,FAKE
id9_id4_0004.mp4,FAKE
id9_id3_0005.mp4,FAKE
id9_id3_0006.mp4,FAKE
id9_id1_0009.mp4,FAKE
id9_id3_0008.mp4,FAKE
id9_id4_0005.mp4,FAKE
id9_id2_0001.mp4,FAKE
id9_id6_0008.mp4,FAKE
id9_id6_0001.mp4,FAKE
id9_id6_0006.mp4,FAKE
id9_id4_0008.mp4,FAKE
id9_id6_0000.mp4,FAKE
id9_id4_0007.mp4,FAKE
id9_id4_0009.mp4,FAKE
id9_id6_0005.mp4,FAKE
id9_id6_0009.mp4,FAKE
id9_id6_0002.mp4,FAKE
